c990cc2,Jinchen Jiang,2019-04-07,Fixes #267. JSP19SCM42J last name added.
3ceba30,Pengyuan Li,2019-04-06,Merge pull request #257 from HSP19SCM72L/master
7c94d61,Pengyuan Li,2019-04-06,Merge branch 'master' into master
22c0558,Pengyuan Li,2019-04-06,Merge pull request #252 from PSP19SCM38K/master
96a21d2,HSP19SCM72L,2019-04-06,Fixes SPM587SP19#255 HSP19SCM72L last name added
8852d29,HSP19SCM72L,2019-04-06,Fixes #255 HSP19SCM72L last name added
6.404E+09,pkharate,2019-04-06,Fixes #251. PSP19SCM38K last name added
acdd686,MSP19SCM18H,2019-04-06,Merge pull request #250 from MSP19SCM18H/master
a17439b,MSP19SCM18H,2019-04-06,Fixes #249. MSP19SCM18H last name added
1015454,Pengyuan Li,2019-04-06,Merge pull request #248 from HSP19SCM19M/master
bbd0433,Pengyuan Li,2019-04-06,Merge pull request #247 from ZSP19SCM13W/master
b7ca2c5,HSP19SCM19M,2019-04-05,Fixes#246.HSP19SCM19M last name added
d9b95b6,Zhaoyang Wei,2019-04-05,Fixes #230. ZSP19SCM13W first name added
fad5d61,Zhaoyang Wei,2019-04-05,Fixes #230. ZSP19SCM13D first name added
8e1b9b5,Pengyuan Li,2019-04-05,Merge pull request #234 from RSP19SCM73K/master
b4dbc8e,ZSP19SCM95D,2019-04-05,Merge pull request #245 from ZSP19SCM95D/master
0bdae88,RSP19SCM73K,2019-04-05,Merge branch 'master' into master
35aafa3,RSP19SCM73K,2019-04-05,Fixes #231.RSP19SCM73K last name added.
51fe7ab,Pengyuan Li,2019-04-05,Merge pull request #233 from PSP19SCM40J/master
e179acb,PSP19SCM40J,2019-04-05,Merge branch 'master' into master
7d445c6,PSP19SCM40J,2019-04-05,Fixes #232.PSP19SCM40J last name added
c91c93d,PSP19SCM40J,2019-04-05,Fixes #232.PSP19SCM40J last name added
fc05849,PSP19SCM40J,2019-04-05,Fixes #232.PSP19SCM40J
2f45dad,shiwanshukr,2019-04-04,Merge branch 'master' of https://github.com/SPM587SP19/SCM587SP19
0f78d55,shiwanshukr,2019-04-04,"git commit -m ""Fixes#190 shiwanshukr first name added"""
ca5bf55,WSP19SCM39H,2019-04-04,Merge pull request #228 from WSP19SCM39H/master
3659ea8,WSP19SCM39H,2019-04-04,Fixes #227. WSP19SCM39H last name added
2ecc3b9,Zhongzhu,2019-04-04,Fixes #226.ZSP19SCM95D last name added
17a0d2f,Manukar Reddy,2019-04-04,Merge branch 'master' of https://github.com/SPM587SP19/SCM587SP19
5fae52b,Manukar Reddy,2019-04-04,Update s.java
f879822,Pengyuan Li,2019-04-03,Merge pull request #215 from MSP19SCM63X/master
aaeb60b,Minhua Xu,2019-04-03,Fixes #210. MSP19SCM63X first name added
e802226,Manukar Reddy,2019-04-03,Update s.java
790f757,Manukar Reddy,2019-04-03,Update s.java
ed4ccd2,Pengyuan Li,2019-04-03,Merge pull request #214 from TSP19SCM80P/master
5926f1c,Pengyuan Li,2019-04-03,Merge pull request #213 from JSP19SCM03G/master
1.05E+57,TSP19SCM80P,2019-04-03,Fixes #185. TSP19SCM80P first name added
3c5032d,James,2019-04-03,Fixes #211.JSP19SCM03G first name added.
b7eccd6,TSP19SCM80P,2019-04-03,Fixes 185. TSP19SCM80P first name added
e9e1ba9,Pengyuan Li,2019-04-03,Update b.java
bafa1fd,Pengyuan Li,2019-04-03,Update b.java
199bf21,Pengyuan Li,2019-04-03,Update b.java
d4e46e6,Pengyuan Li,2019-04-03,Update b.java
eb1e962,Pengyuan Li,2019-04-03,Update b.java
cb176f9,Pengyuan Li,2019-04-03,Merge pull request #212 from ASP19SCM61G/master
86aabaa,ASP19SCM61G,2019-04-03,Merge pull request #1 from SPM587SP19/master
afefc9d,ASP19SCM61G,2019-04-03,"git commit -m""Fixes#182. ASP19SCM61G first name added"""
a3c62d1,Pengyuan Li,2019-04-03,Merge pull request #209 from PSP19SCM80S/master
c4b00e9,Pranit Rao Sajja,2019-04-03,Fixes #208. PSP19SCM80S first name added
73d47d6,Pengyuan Li,2019-04-03,Update j.java
2944090,Pengyuan Li,2019-04-03,Update a.java
0b2d5de,Pengyuan Li,2019-04-03,Merge pull request #207 from SSP19SCM40G/master
dda4ce5,SSP19SCM40G,2019-04-03,Fixes #206. SSP19SCM40G first name added
346b46b,Pengyuan Li,2019-04-03,Merge pull request #205 from ASP19SCM09A/master
6b1d87d,Pengyuan Li,2019-04-03,Merge pull request #204 from MSP19SCM59K/master
fc75d46,Pengyuan Li,2019-04-03,Merge branch 'master' into master
372b0eb,Pengyuan Li,2019-04-03,Merge pull request #203 from KSP19SCM20P/master
5157bf2,Pengyuan Li,2019-04-03,Merge pull request #202 from HSP19SCM39P/master
0e53d87,Manasa Kaushik,2019-04-03,"git commit-m ""Fixes#200.MSP19SCM59K first name added."""
624b4a5,KSP19SCM20P,2019-04-03,– git commit –m “Fixes #197.KSP19SCM20P first name added.”
711b9ad,ASP19SCM09A,2019-04-03,– git commit –m “Fixes #198. ASP19SCM09A first name added.”
7c70e9b,Pengyuan Li,2019-04-03,Merge pull request #201 from ajha8/master
c082ae4,Pengyuan Li,2019-04-03,Merge branch 'master' into master
2c7157d,HSP19SCM39P,2019-04-03,"“Fixes #199. HSP19SCM39P first name added."""
cdbf4de,Ayush Jha,2019-04-03,"git commit -m ""Fixes #191. ajha8 first name added"""
dfb4130,Pengyuan Li,2019-04-03,Merge pull request #196 from KSP19SCM75S/master
3782145,Pengyuan Li,2019-04-03,Merge branch 'master' into master
f2e6a9c,SSP19SCM75K,2019-04-03,Fixes #193.SSP19SCM75K Sabrina
d0304c7,Pengyuan Li,2019-04-03,Merge pull request #195 from MehulSin/master
ccf740e,Pengyuan Li,2019-04-03,Merge branch 'master' into master
8556044,shiwanshu kumar,2019-04-03,"git commit -m ""Fixes#190. shiwanshukr first name added"""
1ead457,krunal sevak,2019-04-03,Fixes #1.KSP19SCM75S first name added
6d4dac2,Pengyuan Li,2019-04-03,Merge pull request #194 from ASP19SCM32A/master
11644df,Pengyuan Li,2019-04-03,Merge branch 'master' into master
7f62361,Pengyuan Li,2019-04-03,Merge pull request #192 from HSP19SCM81A/master
c4d7156,Ayush Jha,2019-04-03,"git commit -m ""Fixes #191. ajha8 first name added"""
1ae0495,Haiyouer Aiyilaiti,2019-04-03,Fixes#178.HSP19SCM81A first name added
189fda2,Aishwarya Anantharam,2019-04-03,Fixes #181. ASP19SCM32A first name added
c84ba84,Pengyuan Li,2019-04-03,Merge pull request #189 from HSP19SCM81A/master
d66fbb1,Pengyuan Li,2019-04-03,Merge pull request #188 from PSP19SCM08P/master
c71e59a,Pengyuan Li,2019-04-03,Merge branch 'master' into master
0c0689b,Pengyuan Li,2019-04-03,Merge pull request #187 from SSP19SCM44W/master
8b61a6f,Pengyuan Li,2019-04-03,Merge branch 'master' into master
e2c9ff5,shiwanshu kumar,2019-04-03,"git commit -m""Fixes#190. shiwanshukr first name added"""
8e769a7,parthkumarjpatel,2019-04-03,Fixes #186.PSP19SCM08P first name added
1473ea3,Haiyouer Aiyilaiti,2019-04-03,Fixes#178.HSP19SCM81A first name added
80d70c2,Suyash Wattamwar,2019-04-03,Fixes#176.SSP19SCM44W last name added
7f18d42,ASP19SCM61G,2019-04-03,"git commit -m ""Fixes#182 ASP19SCM61G first name added"""
510fd85,Aishwarya Anantharam,2019-04-03,"Revert ""git commit -m ""Fixes #181. ASP19SCM32A first name added"""
f45eab7,ASP19SCM61G,2019-04-03,Merge branch 'master' of https://github.com/SPM587SP19/SCM587SP19
52c7313,ASP19SCM61G,2019-04-03,git add *
ecab88b,Aishwarya Anantharam,2019-04-03,"git commit -m ""Fixes #181. ASP19SCM32A first name added"""
1fc75c8,Aishwarya Anantharam,2019-04-03,Update a.java
c32e071,Aishwarya Anantharam,2019-04-03,Update a.java
3d68858,Pengyuan Li,2019-04-03,Merge pull request #184 from FSP19SCM57S/master
e046e3c,Pengyuan Li,2019-04-03,Merge pull request #175 from RSP19SCM73K/master
25c2aad,FNU Sandeep,2019-04-03,Update f.java
c09ecfc,Pengyuan Li,2019-04-03,Merge pull request #173 from SSP19SCM81Y/master
7c2c6a8,RSP19SCM73K,2019-04-03,Fixes #174. RSP19SCM73K first name added
c6c1c2b,SSP19SCM81Y,2019-04-03,Fixes #170. SSP19SCM81Y first name added
a122680,Pengyuan Li,2019-04-03,Merge pull request #171 from PSP19SCM76K/master
e9fb7e1,Pengyuan Li,2019-04-03,Merge pull request #167 from ASP19SCM59K/master
ffdd491,JSP19SCM59D,2019-04-03,Merge pull request #172 from JSP19SCM59D/master
c54b185,jinzhe dai,2019-04-03,Fixes #168. JSP19SCM59D last name added
8857a52,Preethi Krishnamoorthy Ramesh Kumar,2019-04-03,Fixes #169.PSP19SCM76K first name added
1399671,PSP19SCM76K,2019-04-03,Merge pull request #1 from SPM587SP19/master
889c813,ASP19SCM59K,2019-04-03,Update a.java
4d662ec,Pengyuan Li,2019-04-03,Merge pull request #166 from MinakshyRamachandran/master
4eec241,MinakshyRamachandran,2019-04-03,Update m.java
5f0d592,Pengyuan Li,2019-04-03,Merge pull request #165 from CSP19SCM54G/master
89eb613,MehulSin,2019-04-03,Update m.java
3d6b72f,ASP19SCM59K,2019-04-03,Update a.java
24fc793,CSP19SCM54G,2019-04-03,Fixes #150 CSP19SCM54G first name added
a52af74,Junrui Gong,2019-04-03,Merge pull request #163 from JSP19SCM33G/master
032d9f3,Junrui Gong,2019-04-03,Merge branch 'master' into master
7ab6cde,Junrui Gong,2019-04-03,Fixes #162. JSP19SCM33G first name added
eb72550,Pengyuan Li,2019-04-03,Merge pull request #148 from ASP19SCM00V/master
7488ba2,Pengyuan Li,2019-04-03,Merge branch 'master' into master
902703,WSP19SCM39H,2019-04-03,Merge pull request #147 from WSP19SCM39H/master
675a6d2,ASP19SCM00V,2019-04-03,Fixes #146. ASP19SCM00V first name added
cb43b55,WSP19SCM39H,2019-04-03,Fixes #138. WSP19SCM39H first name added
9fbc0eb,Pengyuan Li,2019-04-03,Merge pull request #145 from HSP19SCM19M/master
a1a5db7,Pengyuan Li,2019-04-03,Merge branch 'master' into master
91e0462,Pengyuan Li,2019-04-03,Merge pull request #144 from CSP19SCM35G/master
71c2bd8,cgupta6,2019-04-03,Fixes#143.CSP19SCM35G first name added
99f507e,Pengyuan Li,2019-04-02,Merge pull request #141 from RSP19SCM71C/master
5e19877,HSP19SCM19M,2019-04-02,Update h.java
70aa86d,RSP19SCM71C,2019-04-02,Fixes #139 RSP19SCM71C first name added
5ba6bcb,RSP19SCM71C,2019-04-02,"Revert ""Fixes #139 RSP19SCM71C first name added"""
dbb77d6,RSP19SCM71C,2019-04-02,Fixes #139 RSP19SCM71C first name added
33a735e,RSP19SCM71C,2019-04-02,"Revert ""Update c.java"""
3541ba4,RSP19SCM71C,2019-04-02,Update c.java
0dcd9a1,Pengyuan Li,2019-04-02,Merge pull request #137 from ZSP19SCM95D/master
90d1c20,Zhongzhu,2019-04-02,Fixes #135. ZSP19SCM95D first name added
7a4cc0d,Pengyuan Li,2019-04-02,Merge pull request #136 from JSP19SCM86L/master
5961946,Pengyuan Li,2019-04-02,Merge pull request #134 from SPM587SP19/mpatel
333b480,Pengyuan Li,2019-04-02,Merge pull request #133 from PSP19SCM38K/master
132f2cf,Pengyuan Li,2019-04-02,Merge branch 'master' into master
87f4bf1,Mohini Patel,2019-04-02,Fixes #130. MSP19SCM07P first name added
5a2d609,Jane Liu,2019-04-02,Fixes #132. JSP19SCM86L first name added.
4.9482E+11,Mohini Patel,2019-04-02,"Revert ""Update m.java"""
235de1a,pkharate,2019-04-02,Fixes #131. PSP19SCM38K first name added
264bbf9,Mohini Patel,2019-04-02,Update m.java
05f2de1,Pengyuan Li,2019-04-02,Merge pull request #129 from rdhande/master
1a75329,rdhande,2019-04-02,git commit –m Fixes #127. RSP19SCM45D first name added
31923de,Pengyuan Li,2019-04-02,Merge pull request #128 from MSP19SCM00A/master
e2dcb49,MSP19SCM00A,2019-04-02,Update m.java
a69f332,Pengyuan Li,2019-04-02,Merge pull request #125 from ASP19SCM71S/master
34d2d00,Pengyuan Li,2019-04-02,Merge pull request #124 from KSP19SCM90B/master
8095023,Pengyuan Li,2019-04-02,Merge pull request #123 from PSP19SCM40J/master
88fde6a,ASP19SCM71S,2019-04-02,Fixes #122. ASP19SCM71S first name added
20581cb,PSP19SCM40J,2019-04-02,Merge branch 'master' into master
4e13b06,PSP19SCM40J,2019-04-02,Fixes #101.PSP19SCM40J first name added
198f2b4,KSP19SCM90B,2019-04-02,Fixes #95. KSP19SCM90B first name added
b2a696e,Pengyuan Li,2019-04-02,Merge pull request #121 from YSP19SCM81M/master
58cecc5,YSP19SCM81M,2019-04-02,Merge pull request #1 from YSP19SCM81M/Fixes-#120.-YSP19SCM81M-first-name-added
e94aa76,YSP19SCM81M,2019-04-02,Fixes #120. YSP19SCM81M first name added
3993dd0,Pengyuan Li,2019-04-02,Merge pull request #119 from JSP19SCM65Z/master
cd34138,Pengyuan Li,2019-04-02,Merge branch 'master' into master
d27bc68,Pengyuan Li,2019-04-02,Merge pull request #118 from ASP19SCM57V/master
2.89E+121,Pengyuan Li,2019-04-02,Merge pull request #117 from PSP19SCM07S/master
97e29c8,Pengyuan Li,2019-04-02,Merge pull request #116 from HSP19SCM72L/master
1ab0290,PSP19SCM07S,2019-04-02,Update p.java
4a2936d,ASP19SCM57V,2019-04-02,Update a.java
c0c3687,JSP19SCM65Z,2019-04-02,Fixes #98.JSP19SCM65Z first name added
122c782,Pengyuan Li,2019-04-02,Delete Report_Phase1_KSP19SCM90B.pdf
60716c1,Pengyuan Li,2019-04-02,Merge pull request #104 from VSP19SCM12C/master
dde7335,Pengyuan Li,2019-04-02,Merge branch 'master' into master
7ba036f,HSP19SCM72L,2019-04-02,Fixes #100.HSP19SCM72L first name added
9379007,VSP19SCM12C,2019-04-02,fixes #99. VSP19SCM12C first name added
47da430,Pengyuan Li,2019-04-02,Merge pull request #102 from XSP19SCM71C/master
b467580,Pengyuan Li,2019-04-02,Merge pull request #97 from SSP19SCM98G/master
d3cf789,Pengyuan Li,2019-04-02,Merge branch 'master' into master
a5712d3,Pengyuan Li,2019-04-02,Merge pull request #96 from KSP19SCM90B/master
85eeddd,XSP19SCM71C,2019-04-02,fixes #92. XSP19SCM71C first name added
07b04d9,XSP19SCM71C,2019-04-02,Add files via upload
b58096f,foxdoom,2019-04-02,Fixes #94. SSP19SCM98G first name added
23ac08a,KSP19SCM90B,2019-04-02,Fixes #95. KSP19SCM90B first name added
ba3ada6,SSP19SCM98G,2019-04-02,Fixes #94. SSP19SCM98G first name added.
5dd9b3f,KSP19SCM90B,2019-04-02,Fixes #95. KSP19SCM90B first name added
e77a42f,karan8112,2019-04-02,Create Report_Phase1_KSP19SCM90B
1446f00,karan8112,2019-04-02,Fixes #95. KSP19SCM90B first name added
8538ccd,SSP19SCM98G,2019-04-02,Add files via upload
bbebd89,XSP19SCM71C,2019-04-02,Add files via upload
89bcc95,Pengyuan Li,2019-04-01,Merge pull request #93 from VSP19SCM70K/master
7280a84,Vinit Kamboj,2019-04-01,Update v.java
d92f99a,Pengyuan Li,2019-04-01,Delete Report_Phase1_fashokkumar.pdf
3ac2fc4,Pengyuan Li,2019-04-01,Merge pull request #91 from fashokkumar/master
c29285a,Pengyuan Li,2019-04-01,Delete Report_Phase1_SSP19SCM52K.pdf
84c9a1c,Pengyuan Li,2019-04-01,Delete Report_Phase1_NSP19SCM30A.pdf
27d4109,Pengyuan Li,2019-04-01,Merge pull request #90 from SSP19SCM52K/master
6330a34,Pengyuan Li,2019-04-01,Merge pull request #89 from NSP19SCM30A/master
d407c7a,Sunit Kajarekar,2019-04-01,Create Report_Phase1_SSP19SCM52K
3f8c80f,Ashok Kumar,2019-04-01,Create Report_Phase1_fashokkumar
15958c0,Nitika Aggarwal,2019-04-01,Create Report_Phase1_NSP19SCM30A
afef3c9,Pengyuan Li,2019-04-01,Update j.java
c68d9b3,Ashok Kumar,2019-04-01,Fixes SPM587SP19#81. ASP19SCM18K first name added
6ff6b87,Vinit Kamboj,2019-04-01,Update v.java
0b217b1,Vinit Kamboj,2019-04-01,Update v.java
8398603,Pengyuan Li,2019-04-01,Merge pull request #88 from SSP19SCM52K/master
64bc000,Pengyuan Li,2019-04-01,Update a.java
7566ffe,Sunit Kajarekar,2019-04-01,Fixes #87. SSP19SCM52K first name added
8b3a599,Pengyuan Li,2019-04-01,Merge pull request #85 from fashokkumar/master
eb054d3,Pengyuan Li,2019-04-01,Merge branch 'master' into master
864b4ee,Pengyuan Li,2019-04-01,Update a.java
f021000,Pengyuan Li,2019-04-01,Merge pull request #86 from NSP19SCM30A/master
4c84765,Nitika Aggarwal,2019-04-01,Fixes #82. NSP19SCM30A first name added
f2249a4,JSP19SCM59D,2019-04-01,Merge pull request #84 from JSP19SCM59D/master
4bd88ae,JSP19SCM59D,2019-04-01,Merge branch 'master' into master
54ec6da,jinzhe dai,2019-04-01,Fixes #65. JSP19SCM59D first name added
45fddef,Nitika Aggarwal,2019-04-01,Fixes #82. NSP19SCM30A first name added
30f1a11,Nitika Aggarwal,2019-04-01,Fixes #82. NSP19SCM30A first name added
43a710b,MSP19SCM18H,2019-04-01,Merge pull request #83 from MSP19SCM18H/master
5049d0a,MSP19SCM18H,2019-04-01,Fixes #71. MSP19SCM18H first name added
ee3c53f,MSP19SCM18H,2019-04-01,Create m.java
8353a3a,MSP19SCM18H,2019-04-01,Update m.java
0cc35d3,MSP19SCM18H,2019-04-01,"git commit –m ""Fixes #71. MSP19SCM18H first name added"""
2b10c37,Ashok Kumar,2019-04-01,Fixes #81. ASP19SCM18K first name added
6c8c39c,Pengyuan Li,2019-04-01,Merge pull request #80 from ASP19SCM23W/master
ae62559,MSP19SCM18H,2019-04-01,Fixes #71. MSP19SCM18H first name added
284bd0a,Ashish Wagh,2019-04-01,Fixes #73. ASP19SCM23W first name added
3520240,Pengyuan Li,2019-04-01,Merge pull request #78 from JSP19SCM42J/master
6239247,JSP19SCM42J,2019-04-01,Merge branch 'master' into master
c5e4622,JSP19SCM42J,2019-04-01,Update j.java
ce21ae9,Jinchen Jiang,2019-04-01,Fixes #70. JSP19SCM42J first name added
45b3cf1,Jay Kiran Rodge,2019-04-01,Fixes #69. JSP19SCM13R first name added
96fc57f,JSP19SCM42J,2019-04-01,Update j.java
961872b,JSP19SCM42J,2019-04-01,Update j.java
1025f62,JSP19SCM59D,2019-04-01,Merge pull request #68 from JSP19SCM59D/master
8860001,jinzhe dai,2019-04-01,Fixes #65.JSP19SCM59D first name added.
e45b047,Pengyuan Li,2019-03-29,Create z.java
c11144f,Pengyuan Li,2019-03-29,Create y.java
5336c65,Pengyuan Li,2019-03-29,Create x.java
31eaaad,Pengyuan Li,2019-03-29,Create w.java
230a4d4,Pengyuan Li,2019-03-29,Create v.java
ba8b4de,Pengyuan Li,2019-03-29,Create u.java
37f300c,Pengyuan Li,2019-03-29,Create t.java
125b5f7,Pengyuan Li,2019-03-29,Create s.java
c51939a,Pengyuan Li,2019-03-29,Create r.java
d24c7f1,Pengyuan Li,2019-03-29,Create q.java
021b0b6,Pengyuan Li,2019-03-29,Create p.java
27ad3df,Pengyuan Li,2019-03-29,Create o.java
e21e714,Pengyuan Li,2019-03-29,Create n.java
720b479,Pengyuan Li,2019-03-29,Create m.java
b7f71cb,Pengyuan Li,2019-03-29,Create l.java
be35be2,Pengyuan Li,2019-03-29,Create k.java
d2b5b8d,Pengyuan Li,2019-03-29,Create j.java
66d12bb,Pengyuan Li,2019-03-29,Create i.java
71ba77f,Pengyuan Li,2019-03-29,Create h.java
73de42c,Pengyuan Li,2019-03-29,Create g.java
1c9d8ac,Pengyuan Li,2019-03-29,Create f.java
5d8c9a5,Pengyuan Li,2019-03-29,Create e.java
7868fa0,Pengyuan Li,2019-03-29,Update d.java
06eb60e,Pengyuan Li,2019-03-29,Update c.java
566ded7,Pengyuan Li,2019-03-29,Update b.java
623a560,Pengyuan Li,2019-03-29,Update a.java
03cde78,Pengyuan Li,2019-03-29,Merge pull request #2 from SPM587SP19/secondBranch
ca4dafe,Pengyuan Li,2019-03-27,Update a.java
9693c10,lichao11111,2019-03-27,a updatess
8ecf4ca,lichao11111,2019-03-27,update a.java
7fd6656,Pengyuan Li,2019-03-27,Update a.java
3b3e161,lichao11111,2019-03-27,change b.java
917e8fe,lichao11111,2019-03-27,update c.java
573985a,lichao11111,2019-03-27,b.java updated
6277558,lichao11111,2019-03-27,update b.java
5c81be5,Pengyuan Li,2019-03-27,Update b.java
20da8cf,Pengyuan Li,2019-03-27,Create d.java
e1d593e,Pengyuan Li,2019-03-27,Delete d.java
fa28240,Pengyuan Li,2019-03-27,Create d.java
bb2386e,Pengyuan Li,2019-03-27,Create c.java
b17efe6,Pengyuan Li,2019-03-27,Create b.java
8c1f39e,Pengyuan Li,2019-03-27,Create a.java
c8d456e,Pengyuan Li,2019-03-27,Update README.md
c1a9ddb,Pengyuan Li,2019-03-24,Delete a.java
7bb82ed,Pengyuan Li,2019-03-24,Create a.java
489c285,Pengyuan Li,2019-03-24,Initial commit