,Author,State,closed_at,created_at,issue_number,labels
0,TSP19SCM781,open,,2019-04-21,494,"['Category:Enhancement', 'DetectionPhase:Testing', 'OriginationPhase:Field', 'Priority:Critical', 'Status:Completed']"
1,TSP19SCM781,open,,2019-04-21,493,"['Category:Enhancement', 'DetectionPhase:Design', 'OriginationPhase:Design', 'Priority:Major', 'Status:Completed']"
2,TSP19SCM781,open,,2019-04-21,492,"['Category:Inquiry', 'DetectionPhase:Design', 'OriginationPhase:Requirements', 'Priority:Major', 'Status:inProgress']"
3,DSP19SCM782,open,,2019-04-21,491,"['Category:Bug', 'DetectionPhase:Field', 'OriginationPhase:Field', 'Priority:Major', 'Status:pendingReview']"
4,DSP19SCM782,open,,2019-04-21,490,"['Category:Bug', 'DetectionPhase:Design', 'OriginationPhase:Testing', 'Priority:High', 'Status:pendingReview']"
5,DSP19SCM781,open,,2019-04-21,489,"['Category:Enhancement', 'DetectionPhase:Coding', 'OriginationPhase:Requirements', 'Priority:Low', 'Status:Completed']"
6,DSP19SCM781,open,,2019-04-21,488,"['Category:Bug', 'DetectionPhase:Testing', 'OriginationPhase:Field', 'Priority:Low', 'Status:Rejected']"
7,DSP19SCM781,open,,2019-04-21,487,"['Category:Inquiry', 'DetectionPhase:Design', 'OriginationPhase:Documentation', 'Priority:Major', 'Status:pendingReview']"
8,SSP19SCM781,open,,2019-04-20,486,"['Category:Enhancement', 'DetectionPhase:Design', 'OriginationPhase:Testing', 'Priority:Medium', 'Status:pendingReview']"
9,SSP19SCM781,open,,2019-04-20,485,"['Category:Enhancement', 'DetectionPhase:Field', 'OriginationPhase:Testing', 'Priority:Critical', 'Status:Approved']"
10,SSP19SCM781,open,,2019-04-20,484,"['Category:Inquiry', 'DetectionPhase:Field', 'OriginationPhase:Design', 'Priority:High', 'Status:inProgress']"
11,SSP19SCM782,open,,2019-04-20,483,"['Category:Inquiry', 'DetectionPhase:Field', 'OriginationPhase:Field', 'Priority:High', 'Status:Approved']"
12,SSP19SCM782,open,,2019-04-20,482,"['Category:Bug', 'DetectionPhase:Field', 'OriginationPhase:Field', 'Priority:Major', 'Status:inProgress']"
13,JSP19SCM03G,closed,2019-04-20,2019-04-20,480,"['Category:Enhancement', 'DetectionPhase:Testing', 'OriginationPhase:Requirements', 'Priority:Critical', 'Status:Completed']"
14,ZSP19SCM65P,open,,2019-04-20,479,"['Address:McDonalds 2525 S King Dr Chicago 60616', 'Category:Bug', 'DetectionPhase:Design', 'OriginationPhase:Design', 'Priority:Medium', 'Status:Approved']"
15,YSP19SCM26X,closed,2019-04-19,2019-04-18,477,"['Category:Inquiry', 'DetectionPhase:Field', 'OriginationPhase:Testing', 'Priority:High', 'Status:inProgress']"
16,RSP19SCM781,open,,2019-04-18,476,"['Category:Bug', 'DetectionPhase:Field', 'OriginationPhase:Documentation', 'Priority:High', 'Status:inProgress']"
17,RSP19SCM781,open,,2019-04-18,475,"['Category:Inquiry', 'DetectionPhase:Design', 'OriginationPhase:Testing', 'Priority:Major', 'Status:inProgress']"
18,TSP19SCM782,open,,2019-04-18,474,"['Category:Enhancement', 'DetectionPhase:Design', 'OriginationPhase:Testing', 'Priority:Medium', 'Status:Rejected']"
19,TSP19SCM782,open,,2019-04-18,473,"['Category:Bug', 'DetectionPhase:Design', 'OriginationPhase:Testing', 'Priority:Major', 'Status:inProgress']"
20,TSP19SCM782,open,,2019-04-18,472,"['Category:Enhancement', 'DetectionPhase:Testing', 'OriginationPhase:Design', 'Priority:Low', 'Status:pendingReview']"
21,DSP19SCM782,open,,2019-04-18,471,"['Category:Inquiry', 'DetectionPhase:Design', 'OriginationPhase:Requirements', 'Priority:Major', 'Status:Completed']"
22,DSP19SCM782,open,,2019-04-18,470,"['Category:Bug', 'DetectionPhase:Testing', 'OriginationPhase:Coding', 'Priority:Major', 'Status:Completed']"
23,TSP19SCM781,open,,2019-04-18,469,"['Category:Enhancement', 'DetectionPhase:Field', 'OriginationPhase:Field', 'Priority:High', 'Status:inProgress']"
24,TSP19SCM781,open,,2019-04-18,468,"['Category:Bug', 'DetectionPhase:Field', 'OriginationPhase:Requirements', 'Priority:High', 'Status:pendingReview']"
25,TSP19SCM781,open,,2019-04-18,467,"['Category:Inquiry', 'DetectionPhase:Field', 'OritinationPhase:Design', 'Priority:Critical', 'Status:Rejected']"
26,YSP19SCM26X,closed,2019-04-18,2019-04-18,465,"['Address:2525 S Martin Luther King Dr Chicago 60616', 'Category:Bug', 'DetectionPhase:Design', 'Latitude:41.847200', 'Longitude:-87.617188', 'OriginationPhase:Requirements', 'Priority:Critical', 'Status:Approved']"
27,SSP19SCM782,open,,2019-04-17,464,"['Category:Bug', 'DetectionPhase:Coding', 'OriginationPhase:Testing', 'Priority:Major', 'Status:Completed']"
28,SSP19SCM782,open,,2019-04-17,463,"['Category:Inquiry', 'DetectionPhase:Testing', 'OritinationPhase:Design', 'Priority:Low', 'Status:pendingReview']"
29,SSP19SCM781,open,,2019-04-17,462,"['Category:Enhancement', 'DetectionPhase:Design', 'OritinationPhase:Design', 'Priority:Major', 'Status:Approved']"
30,SSP19SCM781,open,,2019-04-17,461,"['Category:Inquiry', 'DetectionPhase:Field', 'OriginationPhase:Documentation', 'Priority:Medium', 'Status:Rejected']"
31,SSP19SCM781,closed,2019-04-21,2019-04-17,460,"['Category:Enhancement', 'DetectionPhase:Design', 'OriginationPhase:Requirements', 'Priority:Low', 'Status:pendingReview']"
32,DSP19SCM782,closed,2019-04-21,2019-04-17,459,"['Category:Enhancement', 'DetectionPhase:Field', 'OriginationPhase:Field', 'Priority:High', 'Status:inProgress']"
33,DSP19SCM782,open,,2019-04-17,458,"['Category:Bug', 'DetectionPhase:Field', 'OriginationPhase:Documentation', 'Priority:High', 'Status:Approved']"
34,DSP19SCM782,closed,2019-04-21,2019-04-17,457,"['Category:Inquiry', 'DetectionPhase:Field', 'OritinationPhase:Design', 'Priority:Critical', 'Status:inProgress']"
35,DSP19SCM781,closed,2019-04-21,2019-04-17,456,"['Category:Inquiry', 'DetectionPhase:Field', 'OriginationPhase:Testing', 'Priority:Critical', 'Status:Completed']"
36,DSP19SCM781,open,,2019-04-17,455,"['Category:Inquiry', 'DetectionPhase:Field', 'OriginationPhase:Coding', 'Priority:Critical', 'Status:Approved']"
37,SSP19SCM782,open,,2019-04-16,454,"['Category:Enhancement', 'DetectionPhase:Design', 'OriginationPhase:Requirements', 'Priority:Medium', 'Status:Rejected']"
38,SSP19SCM782,closed,2019-04-21,2019-04-16,453,"['Category:Bug', 'DetectionPhase:Testing', 'OriginationPhase:Requirements', 'Priority:Major', 'Status:Rejected']"
39,SSP19SCM781,open,,2019-04-16,452,"['Category:Enhancement', 'DetectionPhase:Design', 'OritinationPhase:Design', 'Priority:Major', 'Status:Completed']"
40,SSP19SCM781,closed,2019-04-21,2019-04-16,451,"['Category:Bug', 'DetectionPhase:Testing', 'OriginationPhase:Testing', 'Priority:Low', 'Status:Rejected']"
41,SSP19SCM781,open,,2019-04-16,450,"['Category:Enhancement', 'DetectionPhase:Design', 'OriginationPhase:Requirements', 'Priority:Major', 'Status:pendingReview']"
42,DSP19SCM782,closed,2019-04-21,2019-04-16,449,"['Category:Enhancement', 'DetectionPhase:Field', 'OriginationPhase:Documentation', 'Priority:High', 'Status:inProgress']"
43,DSP19SCM782,closed,2019-04-21,2019-04-16,448,"['Category:Inquiry', 'DetectionPhase:Field', 'OriginationPhase:Testing', 'Priority:High', 'Status:Approved']"
44,DSP19SCM782,closed,2019-04-21,2019-04-16,447,"['Category:Bug', 'DetectionPhase:Field', 'OriginationPhase:Field', 'Priority:Critical', 'Status:inProgress']"
45,DSP19SCM781,closed,2019-04-21,2019-04-16,446,"['Category:Enhancement', 'DetectionPhase:Field', 'OriginationPhase:Documentation', 'Priority:Critical', 'Status:Approved']"
46,DSP19SCM781,closed,2019-04-18,2019-04-16,445,"['Category:Inquiry', 'DetectionPhase:Field', 'OritinationPhase:Design', 'Priority:Critical', 'Status:Completed']"
47,TSP19SCM781,closed,2019-04-18,2019-04-15,444,"['Category:Enhancement', 'DetectionPhase:Design', 'OriginationPhase:Testing', 'Priority:Major', 'Status:inProgress']"
48,TSP19SCM781,closed,2019-04-18,2019-04-15,443,"['Category:Enhancement', 'DetectionPhase:Testing', 'OriginationPhase:Testing', 'Priority:Medium', 'Status:pendingReview']"
49,TSP19SCM782,closed,2019-04-18,2019-04-15,442,"['Category:Bug', 'DetectionPhase:Design', 'OriginationPhase:Requirements', 'Priority:Major', 'Status:Rejected']"
50,TSP19SCM782,closed,2019-04-18,2019-04-15,441,"['Category:Inquiry', 'DetectionPhase:Coding', 'OritinationPhase:Design', 'Priority:Low', 'Status:pendingReview']"
51,TSP19SCM782,closed,2019-04-18,2019-04-15,440,"['Category:Enhancement', 'DetectionPhase:Field', 'OriginationPhase:Requirements', 'Priority:Critical', 'Status:pendingReview']"
52,RSP19SCM782,closed,2019-04-18,2019-04-15,439,"['Category:Inquiry', 'DetectionPhase:Field', 'OriginationPhase:Field', 'Priority:High', 'Status:inProgress']"
53,RSP19SCM782,closed,2019-04-18,2019-04-15,438,"['Category:Inquiry', 'DetectionPhase:Field', 'OriginationPhase:Requirements', 'Priority:High', 'Status:Approved']"
54,RSP19SCM782,closed,2019-04-18,2019-04-15,437,"['Category:Inquiry', 'DetectionPhase:Field', 'OritinationPhase:Design', 'Priority:Critical', 'Status:inProgress']"
55,RSP19SCM781,closed,2019-04-18,2019-04-15,436,"['Category:Bug', 'DetectionPhase:Field', 'OriginationPhase:Requirements', 'Priority:Critical', 'Status:Approved']"
56,RSP19SCM781,closed,2019-04-17,2019-04-15,435,"['Category:Inquiry', 'DetectionPhase:Field', 'OriginationPhase:Design', 'Priority:Critical', 'Status:Completed']"
57,SSP19SCM782,closed,2019-04-17,2019-04-14,434,"['Category:Inquiry', 'DetectionPhase:Field', 'OritinationPhase:Design', 'Priority:Medium', 'Status:Approved']"
58,SSP19SCM782,closed,2019-04-17,2019-04-14,433,"['Category:Enhancement', 'DetectionPhase:Testing', 'OriginationPhase:Testing', 'Priority:Major', 'Status:Rejected']"
59,SSP19SCM782,closed,2019-04-17,2019-04-14,432,"['Category:Inquiry', 'DetectionPhase:Coding', 'OriginationPhase:Design', 'Priority:Major', 'Status:pendingReview']"
60,SSP19SCM782,closed,2019-04-17,2019-04-14,431,"['Category:Enhancement', 'DetectionPhase:Field', 'OriginationPhase:Requirements', 'Priority:High', 'Status:Rejected']"
61,SSP19SCM782,closed,2019-04-17,2019-04-14,430,"['Category:Inquiry', 'DetectionPhase:Design', 'OriginationPhase:Requirements', 'Priority:Major', 'Status:Completed']"
62,TSP19SCM781,closed,2019-04-15,2019-04-14,429,"['Category:Inquiry', 'DetectionPhase:Field', 'OriginationPhase:Testing', 'Priority:High', 'Status:inProgress']"
63,TSP19SCM781,closed,2019-04-17,2019-04-14,428,"['Category:Enhancement', 'DetectionPhase:Field', 'OriginationPhase:Documentation', 'Priority:High', 'Status:Approved']"
64,TSP19SCM781,closed,2019-04-15,2019-04-14,427,"['Category:Bug', 'DetectionPhase:Field', 'OriginationPhase:Field', 'Priority:Critical', 'Status:inProgress']"
65,TSP19SCM781,closed,2019-04-17,2019-04-14,426,"['Category:Inquiry', 'DetectionPhase:Field', 'OriginationPhase:Documentation', 'Priority:Critical', 'Status:Completed']"
66,TSP19SCM781,closed,2019-04-15,2019-04-14,425,"['Category:Enhancement', 'DetectionPhase:Field', 'OritinationPhase:Design', 'Priority:Critical', 'Status:Approved']"
67,SSP19SCM81Y,closed,2019-04-20,2019-04-13,423,"['Category:Bug', 'DetectionPhase:Testing', 'OriginationPhase:Requirements', 'Priority:Major', 'Status:Approved']"
68,SSP19SCM782,closed,2019-04-15,2019-04-13,422,"['Category:Bug', 'DetectionPhase:Field', 'OriginationPhase:Documentation', 'Priority:High', 'Status:pendingReview']"
69,SSP19SCM782,closed,2019-04-17,2019-04-13,421,"['Category:Inquiry', 'DetectionPhase:Field', 'OriginationPhase:Field', 'Priority:Critical', 'Status:Completed']"
70,SSP19SCM782,closed,2019-04-15,2019-04-13,420,"['Category:Enhancement', 'DetectionPhase:Field', 'OritinationPhase:Design', 'Priority:Critical', 'Status:inProgress']"
71,SSP19SCM782,closed,2019-04-17,2019-04-13,419,"['Category:Bug', 'DetectionPhase:Field', 'OriginationPhase:Requirements', 'Priority:Critical', 'Status:Approved']"
72,SSP19SCM781,closed,2019-04-16,2019-04-13,418,"['Category:Enhancement', 'DetectionPhase:Field', 'OriginationPhase:Requirements', 'Priority:High', 'Status:Completed']"
73,SSP19SCM781,closed,2019-04-16,2019-04-13,417,"['Category:Bug', 'DetectionPhase:Field', 'OriginationPhase:Requirements', 'Priority:Critical', 'Status:inProgress']"
74,SSP19SCM781,closed,2019-04-16,2019-04-13,416,"['Category:Inquiry', 'DetectionPhase:Field', 'OriginationPhase:Requirements', 'Priority:High', 'Status:inProgress']"
75,SSP19SCM781,closed,2019-04-16,2019-04-13,415,"['Category:Enhancement', 'DetectionPhase:Field', 'OritinationPhase:Design', 'Priority:Critical', 'Status:Approved']"
76,SSP19SCM781,closed,2019-04-16,2019-04-13,414,"['Category:Inquiry', 'DetectionPhase:Field', 'OriginationPhase:Testing', 'Priority:High', 'Status:Completed']"
77,SSP19SCM781,closed,2019-04-16,2019-04-13,413,"['Category:Enhancement', 'DetectionPhase:Field', 'OriginationPhase:Requirements', 'Priority:Critical', 'Status:inProgress']"
78,PSP19SCM80S,closed,2019-04-14,2019-04-13,412,"['Category:Inquiry', 'DetectionPhase:Field', 'OriginationPhase:Coding', 'Priority:High', 'Status:inProgress']"
79,JSP19SCM33G,closed,2019-04-11,2019-04-11,410,"['Category:Bug', 'DetectionPhase:Testing', 'OriginationPhase:Requirements', 'Priority:Critical', 'Status:Approved']"
80,DSP19SCM781,closed,2019-04-14,2019-04-11,409,"['Category:Bug', 'DetectionPhase:Design', 'OriginationPhase:Field', 'Priority:Major', 'Status:inProgress']"
81,DSP19SCM781,closed,2019-04-14,2019-04-11,408,"['Category:Inquiry', 'DetectionPhase:Testing', 'OriginationPhase:Requirements', 'Priority:Medium', 'Status:Rejected']"
82,RSP19SCM782,closed,2019-04-14,2019-04-11,407,"['Category:Enhancement', 'DetectionPhase:Design', 'OriginationPhase:Field', 'Priority:Medium', 'Status:Approved']"
83,RSP19SCM782,closed,2019-04-16,2019-04-11,406,"['Category:Enhancement', 'DetectionPhase:Coding', 'OriginationPhase:Coding', 'Priority:High', 'Status:Completed']"
84,RSP19SCM781,closed,2019-04-16,2019-04-11,405,"['Category:Inquiry', 'DetectionPhase:Field', 'OritinationPhase:Design', 'Priority:Major', 'Status:Rejected']"
85,RSP19SCM781,closed,2019-04-16,2019-04-11,404,"['Category:Bug', 'DetectionPhase:Design', 'OriginationPhase:Documentation', 'Priority:High', 'Status:pendingReview']"
86,TSP19SCM782,closed,2019-04-16,2019-04-11,403,"['Category:Enhancement', 'DetectionPhase:Testing', 'OritinationPhase:Design', 'Priority:High', 'Status:pendingReview']"
87,TSP19SCM782,closed,2019-04-15,2019-04-11,402,"['Category:Inquiry', 'DetectionPhase:Design', 'OriginationPhase:Field', 'Priority:Low', 'Status:Rejected']"
88,TSP19SCM781,closed,2019-04-15,2019-04-11,401,"['Category:Bug', 'DetectionPhase:Testing', 'OriginationPhase:Requirements', 'Priority:Major', 'Status:inProgress']"
89,TSP19SCM781,closed,2019-04-15,2019-04-11,400,"['Category:Enhancement', 'DetectionPhase:Field', 'OriginationPhase:Documentation', 'Priority:Critical', 'Status:Completed']"
90,HSP19SCM81A,closed,2019-04-11,2019-04-10,397,"['Category:Bug', 'Detection:Testing', 'Origination:Requirements', 'Priority:Critical', 'Status:Approved']"
91,SSP19SCM781,closed,2019-04-15,2019-04-10,396,"['Category:Enhancement', 'DetectionPhase:Field', 'OriginationPhase:Documentation', 'Priority:Major', 'Status:Completed']"
92,SSP19SCM781,closed,2019-04-14,2019-04-10,395,"['Category:Enhancement', 'DetectionPhase:Field', 'OriginationPhase:Testing', 'Priority:Critical', 'Status:Completed']"
93,SSP19SCM781,closed,2019-04-11,2019-04-10,394,"['Category:Bug', 'DetectionPhase:Design', 'OritinationPhase:Design', 'Priority:Critical', 'Status:Approved']"
94,SSP19SCM781,closed,2019-04-11,2019-04-10,393,"['Category:Inquiry', 'DetectionPhase:Coding', 'OriginationPhase:Design', 'Priority:Major', 'Status:Rejected']"
95,SSP19SCM781,closed,2019-04-11,2019-04-10,392,"['Category:Enhancement', 'DetectionPhase:Field', 'OriginationPhase:Testing', 'Priority:Medium', 'Status:pendingReview']"
96,SSP19SCM781,closed,2019-04-11,2019-04-10,391,"['Category:Enhancement', 'DetectionPhase:Field', 'OriginationPhase:Documentation', 'Priority:High', 'Status:pendingReview']"
97,SSP19SCM781,closed,2019-04-14,2019-04-10,390,"['Category:Inquiry', 'DetectionPhase:Design', 'OritinationPhase:Design', 'Priority:Low', 'Status:Completed']"
98,SSP19SCM781,closed,2019-04-14,2019-04-10,389,"['Category:Bug', 'DetectionPhase:Testing', 'OriginationPhase:Requirements', 'Priority:Critical', 'Status:Approved']"
99,SSP19SCM781,closed,2019-04-11,2019-04-10,388,"['Category:Bug', 'DetectionPhase:Coding', 'OritinationPhase:Design', 'Priority:Major', 'Status:Rejected']"
100,SSP19SCM781,closed,2019-04-14,2019-04-10,387,"['Category:Enhancement', 'DetectionPhase:Field', 'OriginationPhase:Documentation', 'Priority:High', 'Status:inProgress']"
101,MSP19SCM07P,closed,2019-04-10,2019-04-10,383,"['Category:Bug', 'Detection:Testing', 'Origination:Requirements', 'Priority:Critical', 'Status:Approved']"
102,PSP19SCM76K,closed,2019-04-10,2019-04-10,380,"['Category:Inquiry', 'DetectionPhase:Field', 'OriginationPhase:Coding', 'Priority:Low', 'Status:inProgress']"
103,CSP19SCM35G,closed,2019-04-10,2019-04-10,377,"['Category:Bug', 'DetectionPhase:Testing', 'OriginationPhase:Requirements', 'Priority:Critical', 'Status:Approved']"
104,CSP19SCM35G,closed,2019-04-10,2019-04-10,376,[]
105,ajha8,closed,2019-04-10,2019-04-10,374,"['Category:Inquiry', 'DetectionPhase:Field', 'OriginationPhase:Coding', 'Priority:Low', 'Status:inProgress']"
106,SSP19SCM40G,closed,2019-04-10,2019-04-10,371,"['Category:Inquiry', 'DetectionPhase:Field', 'OriginationPhase:Coding', 'OriginationPhase:Documentation', 'OriginationPhase:Field', 'OriginationPhase:Testing', 'Priority:High', 'Priority:Low', 'Priority:Medium', 'Status:inProgress', 'Status:pendingReview']"
107,KSP19SCM20P,closed,2019-04-10,2019-04-10,370,"['Category:Inquiry', 'DetectionPhase:Field', 'OriginationPhase:Coding', 'Priority:High', 'Status:inProgress']"
108,ASP19SCM09A,closed,2019-04-10,2019-04-10,369,"['Category:Bug', 'DetectionPhase:Testing', 'OriginationPhase:Requirements', 'Priority:Critical', 'Status:Approved']"
109,MSP19SCM00A,closed,2019-04-10,2019-04-10,364,"['Category:Inquiry', 'DetectionPhase:Field', 'OriginationPhase:Coding', 'Priority:High', 'Status:inProgress']"
110,RSP19SCM781,closed,2019-04-11,2019-04-10,362,"['Category:Inquiry', 'DetectionPhase:Field', 'OriginationPhase:Documentation', 'Priority:Critical', 'Status:Approved']"
111,RSP19SCM781,closed,2019-04-14,2019-04-10,361,"['Category:Bug', 'DetectionPhase:Design', 'OriginationPhase:Requirements', 'Priority:Major', 'Status:Rejected']"
112,RSP19SCM781,closed,2019-04-14,2019-04-10,360,"['Category:Enhancement', 'DetectionPhase:Design', 'OritinationPhase:Design', 'Priority:Major', 'Status:Completed']"
113,RSP19SCM781,closed,2019-04-11,2019-04-10,359,"['Category:Bug', 'DetectionPhase:Field', 'OriginationPhase:Testing', 'Priority:Major', 'Status:inProgress']"
114,TSP19SCM782,closed,2019-04-13,2019-04-10,358,"['Category:Inquiry', 'DetectionPhase:Field', 'OriginationPhase:Requirements', 'Priority:Low', 'Status:Approved']"
115,TSP19SCM782,closed,2019-04-15,2019-04-10,357,"['Category:Enhancement', 'DetectionPhase:Design', 'OriginationPhase:Coding', 'Priority:Critical', 'Status:inProgress']"
116,TSP19SCM782,closed,2019-04-13,2019-04-10,356,"['Category:Enhancement', 'DetectionPhase:Testing', 'OriginationPhase:Design', 'Priority:Major', 'Status:Rejected']"
117,TSP19SCM782,closed,2019-04-13,2019-04-10,355,"['Category:Inquiry', 'DetectionPhase:Design', 'OriginationPhase:Field', 'Priority:Major', 'Status:Rejected']"
118,TSP19SCM781,closed,2019-04-13,2019-04-10,354,"['Category:Bug', 'DetectionPhase:Testing', 'OriginationPhase:Requirements', 'Priority:Major', 'Status:pendingReview']"
119,TSP19SCM781,closed,2019-04-13,2019-04-10,352,"['Category:Enhancement', 'DetectionPhase:Field', 'OriginationPhase:Documentation', 'Priority:High', 'Status:inProgress']"
120,shiwanshukr,closed,2019-04-10,2019-04-10,351,"['Category:Inquiry', 'DetectionPhase:Field', 'OriginationPhase:Coding', 'Priority:High', 'Status:inProgress']"
121,ZSP19SCM13W,closed,2019-04-10,2019-04-10,349,"['Category:Bug', 'Detection:Testing', 'Origination:Requirements', 'Priority:Major', 'Status:Approved']"
122,CSP19SCM35G,closed,2019-04-10,2019-04-10,348,"['Category:Inquiry', 'DetectionPhase:Field', 'OriginationPhase:Coding', 'Priority:Medium', 'Status:inProgress']"
123,ASP19SCM61G,closed,2019-04-10,2019-04-10,347,"['Category:Bug', 'DetectionPhase:Testing', 'OriginationPhase:Requirements', 'Priority:Critical', 'Status:Approved']"
124,HSP19SCM39P,closed,2019-04-10,2019-04-10,345,"['Category:Bug', 'DetectionPhase:Testing', 'OriginationPhase:Requirements', 'Priority:Critical', 'Status:Approved']"
125,TSP19SCM80P,closed,2019-04-10,2019-04-09,341,"['Category:Inquiry', 'DetectionPhase:Field', 'OriginationPhase:Coding', 'Priority:Medium', 'Status:inProgress']"
126,ASP19SCM71S,closed,2019-04-10,2019-04-09,338,"['Category:Enhancement', 'Detection:Testing', 'Origination:Requirements', 'Priority:Major', 'Status:Completed']"
127,KSP19SCM90B,closed,2019-04-10,2019-04-09,337,"['Category:Inquiry', 'DetectionPhase:Field', 'OriginationPhase:Coding', 'Priority:Low', 'Status:inProgress']"
128,SSP19SCM21B,closed,2019-04-09,2019-04-09,336,"['Category:Enhancement', 'DetectionPhase:Testing', 'OriginationPhase:Requirements', 'Priority:Critical', 'Status:Completed']"
129,KSP19SCM75S,open,,2019-04-09,335,"['Category:Bug', 'Detection:Testing', 'OriginationPhase:Requirements', 'Priority:Critical', 'Status:Approved']"
130,MinakshyRamachandran,open,,2019-04-09,333,"['Category:Inquiry', 'DetectionPhase:Field', 'OriginationPhase:Documentation', 'Priority:Low', 'Status:inProgress']"
131,MSP19SCM59K,closed,2019-04-09,2019-04-09,329,"['Category:Bug', 'DetectionPhase:Testing', 'OriginationPhase:Requirements', 'Priority:Critical', 'Status:Approved']"
132,FSP19SCM57S,closed,2019-04-10,2019-04-09,328,"['Category:Bug', 'Detection:Testing', 'Origination:Requirements', 'Priority:Critical', 'Status:Approved']"
133,SSP19SCM44W,closed,2019-04-10,2019-04-09,327,"['Category:Inquiry', 'DetectionPhase:Field', 'OriginationPhase:Coding', 'Priority:Medium', 'Status:inProgress']"
134,PSP19SCM08P,closed,2019-04-09,2019-04-09,326,"['Category:Inquiry', 'DetectionPhase:Field', 'OriginationPhase:Coding', 'Priority:Low', 'Status:inProgress']"
135,MSP19SCM63X,closed,2019-04-09,2019-04-09,324,"['Category:Enhancement', 'DetectionPhase:Testing', 'OriginationPhase:Design', 'Priority:Critical', 'Status:Approved']"
136,RSP19SCM71C,closed,2019-04-09,2019-04-09,322,"['Category:Bug', 'DetectionPhase:Testing', 'OriginationPhase:Requirements', 'Priority:Critical', 'Status:Approved']"
137,PSP19SCM07S,closed,2019-04-09,2019-04-09,319,"['Category:Enhancement', 'DetectionPhase:Testing', 'OriginationPhase:Requirements', 'Priority:Major', 'Status:Approved']"
138,ASP19SCM57V,closed,2019-04-09,2019-04-09,318,"['Category:Enhancement', 'DetectionPhase:Testing', 'OriginationPhase:Requirements', 'Priority:Major', 'Status:Approved']"
139,ASP19SCM32A,open,,2019-04-09,316,"['Category:Inquiry', 'DetectionPhase:Field', 'OriginationPhase:Coding', 'Priority:High', 'Status:inProgress']"
140,JSP19SCM86L,closed,2019-04-09,2019-04-09,313,"['Category:Inquiry', 'DetectionPhase:Field', 'OriginationPhase:Coding', 'Priority:High', 'Status:inProgress']"
141,CSP19SCM54G,closed,2019-04-09,2019-04-09,312,"['Category:Inquiry', 'DetectionPhase:Field', 'OriginationPhase:Coding', 'Priority:High', 'Status:inProgress']"
142,ASP19SCM59K,closed,2019-04-10,2019-04-09,310,"['Category:Enhancement', 'Detection:Testing', 'Origination:Requirements', 'Priority:Critical', 'Status:Approved']"
143,ASP19SCM23W,closed,2019-04-09,2019-04-09,306,"['Category:Bug', 'DetectionPhase:Testing', 'OriginationPhase:Design', 'Priority:Critical', 'Status:Completed']"
144,MSP19SCM59K,closed,2019-04-09,2019-04-09,305,"['Category:Bug', 'DetectionPhase:Testing', 'OriginationPhase:Requirements', 'Priority:Critical', 'Status:Approved']"
145,SSP19SCM52K,closed,2019-04-10,2019-04-09,304,"['Category:Inquiry', 'DetectionPhase:Field', 'OriginationPhase:Field', 'Priority:Medium', 'Status:pendingReview']"
146,fashokkumar,closed,2019-04-09,2019-04-09,303,"['Category:Inquiry', 'DetectionPhase:Field', 'OriginationPhase:Field', 'Priority:Medium', 'Status:pendingReview']"
147,NSP19SCM30A,closed,2019-04-09,2019-04-09,302,"['Category:Inquiry', 'DetectionPhase:Field', 'OriginationPhase:Field', 'Priority:Medium', 'Status:pendingReview']"
148,DSP19SCM781,closed,2019-04-13,2019-04-09,300,"['Category:Enhancement', 'DetectionPhase:Field', 'OriginationPhase:Coding', 'Priority:Major', 'Status:Completed']"
149,DSP19SCM781,closed,2019-04-13,2019-04-09,299,"['Category:Bug', 'DetectionPhase:Design', 'OriginationPhase:Testing', 'Priority:Low', 'Status:Completed']"
150,DSP19SCM781,closed,2019-04-10,2019-04-09,298,"['Category:Enhancement', 'DetectionPhase:Design', 'OritinationPhase:Design', 'Priority:Major', 'Status:Completed']"
151,DSP19SCM781,closed,2019-04-10,2019-04-09,297,"['Category:Enhancement', 'DetectionPhase:Field', 'OriginationPhase:Testing', 'Priority:Medium', 'Status:Approved']"
152,DSP19SCM781,closed,2019-04-10,2019-04-09,296,"['Category:Enhancement', 'DetectionPhase:Design', 'OriginationPhase:Testing', 'Priority:High', 'Status:inProgress']"
153,SSP19SCM781,closed,2019-04-13,2019-04-09,295,"['Category:Bug', 'DetectionPhase:Coding', 'OriginationPhase:Testing', 'Priority:Low', 'Status:pendingReview']"
154,SSP19SCM781,closed,2019-04-11,2019-04-09,294,"['Category:Enhancement', 'DetectionPhase:Field', 'OriginationPhase:Requirements', 'Priority:Low', 'Status:Completed']"
155,RSP19SCM781,closed,2019-04-10,2019-04-09,293,"['Category:Inquiry', 'DetectionPhase:Testing', 'OritinationPhase:Design', 'Priority:Major', 'Status:inProgress']"
156,RSP19SCM781,closed,2019-04-13,2019-04-09,292,"['Category:Enhancement', 'DetectionPhase:Coding', 'OriginationPhase:Field', 'Priority:Low', 'Status:Completed']"
157,SSP19SCM75K,closed,2019-04-09,2019-04-09,291,"['Category:Enhancement', 'Detection:Testing', 'Origination:Requirements', 'Priority:Major', 'Status:Rejected']"
158,VSP19SCM12C,closed,2019-04-09,2019-04-08,288,"['Category:Inquiry', 'DetectionPhase:Field', 'OriginationPhase:Coding', 'Priority:High', 'Status:pendingReview']"
159,XSP19SCM71C,closed,2019-04-09,2019-04-08,287,"['Category:Bug', 'DetectionPhase:Testing', 'OriginationPhase:Requirements', 'Priority:Critical', 'Status:Approved']"
160,MehulSin,closed,2019-04-09,2019-04-08,284,"['Category:Bug', 'DetectionPhase:Testing', 'OriginationPhase:Requirements', 'Priority:Critical', 'Status:Approved']"
161,YSP19SCM81M,closed,2019-04-09,2019-04-08,282,"['Category:Bug', 'DetectionPhase:Testing', 'OriginationPhase:Requirements', 'Priority:Critical', 'Status:Approved']"
162,RSP19SCM781,closed,2019-04-10,2019-04-08,281,"['Category:Enhancement', 'DetectionPhase:Field', 'OriginationPhase:Requirements', 'Priority:Critical', 'Status:pendingReview']"
163,RSP19SCM781,closed,2019-04-10,2019-04-08,280,"['Category:Enhancement', 'DetectionPhase:Design', 'OriginationPhase:Requirements', 'Priority:Low', 'Status:Approved']"
164,RSP19SCM781,closed,2019-04-10,2019-04-08,279,"['Category:Inquiry', 'DetectionPhase:Field', 'OritinationPhase:Design', 'Priority:Medium', 'Status:Completed']"
165,RSP19SCM781,closed,2019-04-10,2019-04-08,278,"['Category:Enhancement', 'DetectionPhase:Design', 'OritinationPhase:Design', 'Priority:Low', 'Status:Completed']"
166,SSP19SCM781,closed,2019-04-11,2019-04-08,277,"['Category:Bug', 'DetectionPhase:Field', 'OriginationPhase:Requirements', 'Priority:Medium', 'Status:pendingReview']"
167,SSP19SCM781,closed,2019-04-13,2019-04-08,276,"['Category:Enhancement', 'DetectionPhase:Coding', 'OriginationPhase:Coding', 'Priority:Major', 'Status:inProgress']"
168,SSP19SCM781,closed,2019-04-10,2019-04-08,275,"['Category:Enhancement', 'DetectionPhase:Testing', 'OriginationPhase:Design', 'Priority:High', 'Status:Completed']"
169,SSP19SCM782,closed,2019-04-10,2019-04-08,274,"['Category:Inquiry', 'DetectionPhase:Field', 'OriginationPhase:Documentation', 'Priority:High', 'Status:Rejected']"
170,SSP19SCM782,closed,2019-04-11,2019-04-08,273,"['Category:Bug', 'DetectionPhase:Coding', 'OritinationPhase:Design', 'Priority:Low', 'Status:pendingReview']"
171,SSP19SCM782,closed,2019-04-10,2019-04-08,272,"['Category:Inquiry', 'DetectionPhase:Field', 'OriginationPhase:Field', 'Priority:Low', 'Status:Approved']"
172,VSP19SCM70K,closed,2019-04-08,2019-04-08,269,"['Category:Inquiry', 'DetectionPhase:Field', 'OriginationPhase:Coding', 'Priority:High', 'Status:inProgress']"
173,JSP19SCM65Z,closed,2019-04-08,2019-04-08,268,"['Category:Bug', 'DetectionPhase:Testing', 'OriginationPhase:Requirements', 'Priority:Major', 'Status:Completed']"
174,JSP19SCM42J,open,,2019-04-07,267,"['Category:Inquiry', 'DetectionPhase:Field', 'OriginationPhase:Documentation', 'Priority:Medium', 'Status:inProgress']"
175,JSP19SCM42J,closed,2019-04-07,2019-04-07,266,[]
176,JSP19SCM13R,closed,2019-04-08,2019-04-07,263,"['Category:Bug', 'DetectionPhase:Testing', 'OriginationPhase:Requirements', 'Priority:Major', 'Status:Approved']"
177,rdhande,closed,2019-04-08,2019-04-07,262,"['Category:Enhancement', 'DetectionPhase:Testing', 'OriginationPhase:Requirements', 'Priority:Critical', 'Status:Completed']"
178,SSP19SCM98G,closed,2019-04-08,2019-04-07,260,"['Category:Inquiry', 'DetectionPhase:Field', 'OriginationPhase:Documentation', 'Priority:High', 'Status:pendingReview']"
179,ASP19SCM00V,closed,2019-04-08,2019-04-07,258,"['Category:Inquiry', 'DetectionPhase:Field', 'OriginationPhase:Documentation', 'Priority:High', 'Status:inProgress']"
180,HSP19SCM72L,closed,2019-04-07,2019-04-07,255,"['Category:Inquiry', 'DetectionPhase:Field', 'OriginationPhase:Coding', 'Priority:High', 'Status:pendingReview']"
181,JSP19SCM13R,closed,2019-04-07,2019-04-06,253,"['Category:Bug', 'DetectionPhase:Testing', 'OriginationPhase:Requirements', 'Priority:Major', 'Status:Approved']"
182,PSP19SCM38K,closed,2019-04-07,2019-04-06,251,"['Category:Inquiry', 'DetectionPhase:Field', 'OriginationPhase:Coding', 'Priority:High', 'Status:inProgress']"
183,MSP19SCM18H,closed,2019-04-06,2019-04-06,249,"['Category:Inquiry', 'DetectionPhase:Field', 'OriginationPhase:Coding', 'Priority:High', 'Status:inProgress']"
184,HSP19SCM19M,closed,2019-04-06,2019-04-05,246,"['Category:Enhancement', 'DetectionPhase:Testing', 'OriginationPhase:Requirements', 'Priority:Major', 'Status:Approved']"
185,TSP19SCM781,closed,2019-04-09,2019-04-05,244,"['Category:Enhancement', 'DetectionPhase:Design', 'OriginationPhase:Documentation', 'Priority:Medium', 'Status:Completed']"
186,TSP19SCM781,closed,2019-04-09,2019-04-05,243,"['Category:Inquiry', 'DetectionPhase:Field', 'OriginationPhase:Requirements', 'Priority:Major', 'Status:Completed']"
187,SSP19SCM782,closed,2019-04-09,2019-04-05,242,"['Category:Enhancement', 'DetectionPhase:Testing', 'OritinationPhase:Design', 'Priority:High', 'Status:pendingReview']"
188,SSP19SCM782,closed,2019-04-09,2019-04-05,241,"['Category:Bug', 'DetectionPhase:Design', 'OriginationPhase:Documentation', 'Priority:Major', 'Status:pendingReview']"
189,SSP19SCM781,closed,2019-04-09,2019-04-05,240,"['Category:Bug', 'DetectionPhase:Coding', 'OriginationPhase:Field', 'Priority:High', 'Status:Approved']"
190,SSP19SCM781,closed,2019-04-10,2019-04-05,239,"['Category:Bug', 'DetectionPhase:Design', 'OriginationPhase:Documentation', 'Priority:Major', 'Status:pendingReview']"
191,RSP19SCM782,closed,2019-04-10,2019-04-05,238,"['Category:Inquiry', 'DetectionPhase:Testing', 'OriginationPhase:Field', 'Priority:High', 'Status:Completed']"
192,RSP19SCM782,closed,2019-04-10,2019-04-05,237,"['Category:Enhancement', 'DetectionPhase:Design', 'OritinationPhase:Design', 'Priority:Medium', 'Status:Rejected']"
193,RSP19SCM781,closed,2019-04-10,2019-04-05,236,"['Category:Bug', 'DetectionPhase:Field', 'OritinationPhase:Design', 'Priority:Major', 'Status:inProgress']"
194,RSP19SCM781,closed,2019-04-10,2019-04-05,235,"['Category:Inquiry', 'DetectionPhase:Testing', 'OriginationPhase:Design', 'Priority:Major', 'Status:inProgress']"
195,PSP19SCM40J,closed,2019-04-05,2019-04-05,232,"['Category:Inquiry', 'DetectionPhase:Field', 'OriginationPhase:Coding', 'Priority:High', 'Status:pendingReview']"
196,RSP19SCM73K,closed,2019-04-05,2019-04-05,231,"['Category:Enhancement', 'DetectionPhase:Testing', 'OriginationPhase:Requirements', 'Priority:High', 'Status:Approved']"
197,ZSP19SCM13W,closed,2019-04-06,2019-04-05,230,"['Address:McDonalds 3867 S Archer Ave 60632', 'Category:Bug', 'DetectionPhase:Design', 'Latitude:41.823292', 'Longitude:-87.688828', 'OriginationPhase:Requirements', 'Priority:High', 'Status:pendingReview']"
198,ZSP19SCM13W,closed,2019-04-05,2019-04-05,229,[]
199,WSP19SCM39H,closed,2019-04-05,2019-04-05,227,"['Category:Bug', 'DetectionPhase:Testing', 'OriginationPhase:Requirements', 'Priority:High', 'Status:Approved']"
200,ZSP19SCM95D,closed,2019-04-05,2019-04-05,226,"['Category:Bug', 'DetectionPhase:Testing', 'OriginationPhase:Requirements', 'Priority:High', 'Status:Approved']"
201,RSP19SCM781,closed,2019-04-07,2019-04-05,225,"['Category:Enhancement', 'DetectionPhase:Coding', 'OriginationPhase:Requirements', 'Priority:Medium', 'Status:inProgress']"
202,RSP19SCM781,closed,2019-04-07,2019-04-05,224,"['Category:Inquiry', 'DetectionPhase:Design', 'OriginationPhase:Design', 'Priority:Low', 'Status:pendingReview']"
203,SPM587SP19,closed,2019-04-07,2019-04-05,223,"['Category:Enhancement', 'DetectionPhase:Coding', 'OriginationPhase:Design', 'Priority:Major', 'Status:pendingReview']"
204,SPM587SP19,closed,2019-04-09,2019-04-05,222,"['Category:Enhancement', 'DetectionPhase:Design', 'OritinationPhase:Design', 'Priority:Low', 'Status:Completed']"
205,SPM587SP19,closed,2019-04-09,2019-04-05,221,"['Category:Enhancement', 'DetectionPhase:Testing', 'OriginationPhase:Testing', 'Priority:Medium', 'Status:Rejected']"
206,SPM587SP19,closed,2019-04-08,2019-04-05,220,"['Category:Enhancement', 'DetectionPhase:Design', 'OriginationPhase:Requirements', 'Priority:Low', 'Status:Completed']"
207,TSP19SCM782,closed,2019-04-10,2019-04-05,219,"['Category:Inquiry', 'DetectionPhase:Coding', 'OriginationPhase:Requirements', 'Priority:High', 'Status:pendingReview']"
208,TSP19SCM782,closed,2019-04-08,2019-04-05,218,"['Category:Inquiry', 'DetectionPhase:Design', 'OriginationPhase:Field', 'Priority:High', 'Status:inProgress']"
209,TSP19SCM781,closed,2019-04-09,2019-04-05,217,"['Category:Inquiry', 'DetectionPhase:Coding', 'OriginationPhase:Requirements', 'Priority:Medium', 'Status:Rejected']"
210,TSP19SCM781,closed,2019-04-08,2019-04-05,216,"['Category:Enhancement', 'DetectionPhase:Coding', 'OriginationPhase:Coding', 'Priority:Major', 'Status:Completed']"
211,JSP19SCM03G,closed,2019-04-04,2019-04-04,211,"['Address:536 Post Road Fairfield CT 06824', 'Category:Bug', 'DetectionPhase:Design', 'Latitude:41.144', 'Longitude:-73.249570', 'OriginationPhase:Requirements', 'Priority:Medium', 'Status:Approved']"
212,MSP19SCM63X,closed,2019-04-04,2019-04-04,210,"['Address:1737 W Fullerton Ave Chicago IL 60614', 'Category:Bug', 'DetectionPhase:Design', 'Latitude:41.925091', 'Longitude:-87.671829', 'Priority:Medium', 'Status:pendingReview']"
213,PSP19SCM80S,closed,2019-04-04,2019-04-04,208,"['Address:McDonalds 2525 S King Dr Chicago 60616', 'Category:Bug', 'DetectionPhase:Design', 'Latitude:41.847200', 'Longitude:-87.617190', 'Priority:Medium', 'Status:pendingReview']"
214,SSP19SCM40G,closed,2019-04-04,2019-04-04,206,"['Address:McDonalds 2301 S. lake shore Chicago 60616', 'Category:Bug', 'DetectionPhase:Design', 'Latitude:41.847198', 'Longitude:-87.633531', 'OritinationPhase:Design', 'Priority:Medium', 'Status:pendingReview']"
215,MSP19SCM59K,closed,2019-04-04,2019-04-04,200,"['Address:McDonalds 3867 S Archer Ave 60632', 'Category:Bug', 'DetectionPhase:Design', 'Latitude:41.823292', 'Longitude:-87.688828', 'OriginationPhase:Requirements', 'Priority:Medium', 'Status:pendingReview']"
216,HSP19SCM39P,closed,2019-04-04,2019-04-04,199,"['Address:McDonalds 2525 S King Dr Chicago 60616', 'Category:Bug', 'DetectionPhase:Design', 'Latitude:41.847200', 'Longitude:-87.617190', 'OriginationPhase:Requirements', 'Priority:Medium', 'Status:pendingReview']"
217,ASP19SCM09A,closed,2019-04-04,2019-04-04,198,"['Address:McDonalds 2525 S King Dr Chicago 60616', 'Category:Bug', 'DetectionPhase:Design', 'Latitude:41.847200', 'Longitude:-87.617190', 'OriginationPhase:Requirements', 'Priority:Medium', 'Status:pendingReview']"
218,KSP19SCM20P,closed,2019-04-04,2019-04-04,197,"['Address:McDonalds 2525 S King Dr Chicago 60616', 'Category:Bug', 'DetectionPhase:Design', 'Latitude:41.847200', 'Longitude:-87.617190', 'OriginationPhase:Requirements', 'Priority:Medium', 'Status:pendingReview']"
219,SSP19SCM75K,closed,2019-04-04,2019-04-04,193,"['Address:125 S Randall Rd Algonquin IL 60102', 'Category:Bug', 'DetectionPhase:Design', 'Latitude:42.174650', 'Longitude:-88.335290', 'Priority:Medium', 'Status:Approved']"
220,ajha8,closed,2019-04-04,2019-04-04,191,"['Address:McDonalds 2525 S King Dr Chicago 60616', 'Category:Bug', 'DetectionPhase:Design', 'Latitude:41.847198', 'Longitude:-87.617188', 'OriginationPhase:Requirements', 'Priority:Medium', 'Status:Approved']"
221,shiwanshukr,closed,2019-04-03,2019-04-03,190,"['Address:McDonalds 2525 S King Dr Chicago 60616', 'Category:Bug', 'DetectionPhase:Design', 'Latitude:41.847198', 'Longitude:-87.617188', 'OriginationPhase:Requirements', 'Priority:Medium', 'Status:inProgress']"
222,PSP19SCM08P,closed,2019-04-03,2019-04-03,186,"['Address:McDonalds 2525 S King Dr Chicago 60616', 'Category:Bug', 'DetectionPhase:Design', 'Latitude:41.847198', 'Longitude:-87.617188', 'OriginationPhase:Requirements', 'Priority:Medium', 'Status:Approved']"
223,TSP19SCM80P,closed,2019-04-04,2019-04-03,185,"['Category:Bug', 'DetectionPhase:Design', 'Latitude:41.847198', 'Longitude:-87.617188', 'OriginationPhase:Requirements', 'Priority:Medium', 'Status:Approved']"
224,ASP19SCM61G,closed,2019-04-03,2019-04-03,182,"['Address:McDonalds 2525 S King Dr Chicago 60616', 'Category:Bug', 'DetectionPhase:Design', 'Latitude:41.847198', 'Longitude:-87.617188', 'OriginationPhase:Requirements', 'Priority:Medium', 'Status:Approved']"
225,ASP19SCM32A,closed,2019-04-04,2019-04-03,181,"['Address:McDonalds 2525 S King Dr Chicago 60616', 'Category:Bug', 'DetectionPhase:Design', 'Latitude:41.847198', 'Longitude:-87.617188', 'OriginationPhase:Requirements', 'Priority:Medium', 'Status:pendingReview']"
226,SSP19SCM21B,closed,2019-04-04,2019-04-03,179,"['Address:McDonalds 2301 S. lake shore Chicago 60616', 'Category:Bug', 'DetectionPhase:Design', 'Latitude:41.850127', 'Longitude:-87.617188', 'OriginationPhase:Requirements', 'Priority:Medium', 'Status:pendingReview']"
227,HSP19SCM81A,closed,2019-04-03,2019-04-03,178,"['Address:McDonalds 3867 S Archer Ave 60632', 'Category:Bug', 'DetectionPhase:Design', 'Latitude:41.823292', 'Longitude:-87.688828', 'OriginationPhase:Requirements', 'Priority:High', 'Status:Approved']"
228,FSP19SCM57S,closed,2019-04-03,2019-04-03,177,"['Address:McDonalds 2525 S King Dr Chicago 60616', 'Category:Bug', 'DetectionPhase:Design', 'Latitude:41.847198', 'Longitude:-87.617188', 'OriginationPhase:Requirements', 'Priority:Medium', 'Status:inProgress']"
229,SSP19SCM44W,closed,2019-04-03,2019-04-03,176,"['Address:2525 S Martin Luther King Dr Chicago 60616', 'Category:Bug', 'DetectionPhase:Design', 'Latitude:41.847198', 'Longitude:-87.617188', 'OriginationPhase:Requirements', 'Priority:Medium', 'Status:Approved']"
230,RSP19SCM73K,closed,2019-04-03,2019-04-03,174,"['Address:McDonalds 2301 S. lake shore Chicago 60616', 'Category:Bug', 'DetectionPhase:Design', 'Latitude:41.879519', 'Longitude:-87.633531', 'OriginationPhase:Requirements', 'OritinationPhase:Design', 'Priority:High', 'Priority:Medium', 'Status:Approved', 'Status:inProgress', 'Status:pendingReview']"
231,SSP19SCM81Y,closed,2019-04-03,2019-04-03,170,"['Address:600 N Clark St Chicago IL 60610', 'Category:Bug', 'DetectionPhase:Design', 'Latitude:41.892502', 'Longitude:-87.631279', 'OriginationPhase:Requirements', 'Priority:Medium', 'Status:pendingReview']"
232,PSP19SCM76K,closed,2019-04-03,2019-04-03,169,"['Address:McDonalds 2525 S King Dr Chicago 60616', 'Category:Bug', 'DetectionPhase:Design', 'Latitude:41.847200', 'Longitude:-87.617190', 'OriginationPhase:Requirements', 'Priority:High', 'Status:inProgress']"
233,JSP19SCM59D,closed,2019-04-03,2019-04-03,168,"['Category:Bug', 'DetectionPhase:Testing', 'OriginationPhase:Requirements', 'Priority:Major', 'Status:Approved']"
234,ASP19SCM59K,closed,2019-04-03,2019-04-03,164,"['Address:McDonalds 2525 S King Dr Chicago 60616', 'Category:Bug', 'DetectionPhase:Design', 'Latitude:41.891521', 'Longitude:-87.622223', 'OriginationPhase:Requirements', 'Priority:High', 'Status:inProgress']"
235,JSP19SCM33G,closed,2019-04-03,2019-04-03,162,"['Address:McDonalds 2525 S King Dr Chicago 60616', 'Category:Bug', 'DetectionPhase:Design', 'Latitude:41.847198', 'Longitude:-87.617188', 'OriginationPhase:Requirements', 'Priority:Medium', 'Status:Approved']"
236,MinakshyRamachandran,closed,2019-04-03,2019-04-03,161,"['Address:McDonalds 2301 S. lake shore Chicago 60616', 'Category:Bug', 'DetectionPhase:Design', 'Latitude:41.850127', 'Longitude:-87.615991', 'OriginationPhase:Requirements', 'Priority:High', 'Status:Approved']"
237,RSP19SCM781,closed,2019-04-10,2019-04-03,160,"['Category:Inquiry', 'DetectionPhase:Design', 'OriginationPhase:Documentation', 'Priority:Major', 'Status:Approved']"
238,RSP19SCM781,closed,2019-04-05,2019-04-03,159,"['Category:Inquiry', 'DetectionPhase:Coding', 'OriginationPhase:Field', 'Priority:Low', 'Status:inProgress']"
239,DSP19SCM782,closed,2019-04-05,2019-04-03,158,"['Category:Enhancement', 'DetectionPhase:Design', 'OriginationPhase:Coding', 'Priority:High', 'Status:Completed']"
240,DSP19SCM782,closed,2019-04-05,2019-04-03,157,"['Category:Inquiry', 'DetectionPhase:Coding', 'OritinationPhase:Design', 'Priority:Low', 'Status:Rejected']"
241,TSP19SCM782,closed,2019-04-07,2019-04-03,156,"['Category:Inquiry', 'DetectionPhase:Coding', 'OriginationPhase:Documentation', 'Priority:Major', 'Status:inProgress']"
242,TSP19SCM782,closed,2019-04-05,2019-04-03,155,"['Category:Enhancement', 'DetectionPhase:Coding', 'OriginationPhase:Testing', 'Priority:Medium', 'Status:inProgress']"
243,RSP19SCM782,closed,2019-04-05,2019-04-03,154,"['Category:Inquiry', 'DetectionPhase:Design', 'OriginationPhase:Field', 'Priority:Medium', 'Status:pendingReview']"
244,RSP19SCM782,closed,2019-04-05,2019-04-03,153,"['Category:Enhancement', 'DetectionPhase:Coding', 'OriginationPhase:Requirements', 'Priority:Low', 'Status:Rejected']"
245,SSP19SCM782,closed,2019-04-08,2019-04-03,152,"['Category:Enhancement', 'DetectionPhase:Coding', 'OriginationPhase:Testing', 'Priority:Major', 'Status:pendingReview']"
246,SSP19SCM782,closed,2019-04-05,2019-04-03,151,"['Category:Enhancement', 'DetectionPhase:Design', 'OritinationPhase:Design', 'Priority:Major', 'Status:inProgress']"
247,CSP19SCM54G,closed,2019-04-03,2019-04-03,150,"['Address:3232 IL59 Naperville IL 60564', 'Category:Bug', 'DetectionPhase:Design', 'Latitude:41.705611', 'Longitude:-88.204826', 'OriginationPhase:Requirements', 'Priority:Medium', 'Status:pendingReview']"
248,MehulSin,closed,2019-04-04,2019-04-03,149,"['Address:McDonalds 2525 S King Dr Chicago 60616', 'Category:Bug', 'DetectionPhase:Design', 'Latitude:41.713634', 'Longitude:-87.613952', 'OriginationPhase:Requirements', 'Priority:High', 'Status:Approved']"
249,ASP19SCM00V,closed,2019-04-03,2019-04-03,146,"['Address:7832 S Western Ave Chicago IL 60620', 'Category:Bug', 'DetectionPhase:Design', 'Latitude:41.751278', 'Longitude:-87.683320', 'OriginationPhase:Requirements', 'Priority:Medium', 'Status:pendingReview']"
250,CSP19SCM35G,closed,2019-04-03,2019-04-03,143,"['Address:McDonalds 2525 S King Dr Chicago 60616', 'Latitude:41.847200', 'Longitude:-87.617190', 'OriginationPhase:Requirements', 'Priority:High', 'Status:Approved']"
251,HSP19SCM19M,closed,2019-04-03,2019-04-03,142,"['Address:McDonalds 2525 S King Dr Chicago 60616', 'Category:Bug', 'DetectionPhase:Design', 'Latitude:41.847200', 'Longitude:-87.617190', 'OriginationPhase:Requirements', 'Priority:High', 'Status:pendingReview']"
252,RSP19SCM71C,closed,2019-04-03,2019-04-03,139,"['Address:McDonalds 2525 S King Dr Chicago 60616', 'Category:Bug', 'DetectionPhase:Design', 'Latitude:41.847200', 'Longitude:-87.617190', 'OriginationPhase:Requirements', 'Priority:Medium', 'Status:Approved']"
253,WSP19SCM39H,closed,2019-04-03,2019-04-03,138,"['Address:McDonalds 2525 S King Dr Chicago 60616', 'Category:Bug', 'DetectionPhase:Design', 'Latitude:41.847198', 'Longitude:-87.617190', 'OriginationPhase:Requirements', 'Priority:Medium', 'Status:pendingReview']"
254,ZSP19SCM95D,closed,2019-04-03,2019-04-03,135,"['Address:McDonalds 2525 S King Dr Chicago 60616', 'Category:Bug', 'DetectionPhase:Design', 'Latitude:41.847200', 'Longitude:-87.617190', 'OriginationPhase:Requirements', 'Priority:Medium', 'Status:pendingReview']"
255,JSP19SCM86L,closed,2019-04-03,2019-04-03,132,"['Address:1664 S Blue Island Ave Chicago IL 60608', 'Category:Bug', 'DetectionPhase:Design', 'Latitude:41.858450', 'Longitude:-87.660900', 'OriginationPhase:Design', 'Priority:High', 'Status:inProgress']"
256,PSP19SCM38K,closed,2019-04-03,2019-04-03,131,"['Address:2301 S Lake Shore Dr Chicago IL 60616', 'Category:Bug', 'DetectionPhase:Design', 'Latitude:41.851200', 'Longitude:-87.617767', 'OriginationPhase:Requirements', 'Priority:Medium', 'Status:Approved']"
257,MSP19SCM07P,closed,2019-04-03,2019-04-03,130,"['Address:2301 S Lake Shore Dr Chicago IL 60616', 'Category:Bug', 'DetectionPhase:Design', 'Latitude:41.851200', 'Longitude:-87.617767', 'OriginationPhase:Requirements', 'Priority:Medium', 'Status:pendingReview']"
258,rdhande,closed,2019-04-03,2019-04-02,127,"['Address:119 N Wabash Ave Chicago IL 60602', 'Category:Bug', 'DetectionPhase:Design', 'Latitude:41.885869', 'Longitude:-87.630804', 'OriginationPhase:Requirements', 'Priority:High', 'Status:pendingReview']"
259,MSP19SCM00A,closed,2019-04-02,2019-04-02,126,"['Address:McDonalds 2525 S King Dr Chicago 60616', 'Category:Bug', 'DetectionPhase:Design', 'Latitude:41.847200', 'Longitude:-87.617190', 'OriginationPhase:Requirements', 'Priority:High', 'Status:inProgress']"
260,ASP19SCM71S,closed,2019-04-02,2019-04-02,122,"['Address:McDonalds 2525 S King Dr Chicago 60616', 'Category:Bug', 'DetectionPhase:Design', 'Latitude:41.847200', 'Longitude:-87.617190', 'OriginationPhase:Design', 'Priority:High', 'Status:Approved']"
261,YSP19SCM81M,closed,2019-04-02,2019-04-02,120,"['Address:McDonalds 2525 S King Dr Chicago 60616', 'Category:Bug', 'DetectionPhase:Design', 'Latitude:41.891521', 'Longitude:-87.622223', 'OriginationPhase:Requirements', 'Priority:High', 'Status:Approved']"
262,ASP19SCM57V,closed,2019-04-02,2019-04-02,115,"['Address:McDonalds 2525 S King Dr Chicago 60616', 'Category:Bug', 'DetectionPhase:Design', 'Latitude:41.847198', 'Longitude:-87.633531', 'OriginationPhase:Requirements', 'Priority:High', 'Status:Approved']"
263,PSP19SCM07S,closed,2019-04-02,2019-04-02,114,"['Address:McDonalds 2525 S King Dr Chicago 60616', 'Category:Bug', 'DetectionPhase:Design', 'Latitude:41.847198', 'Longitude:-87.633531', 'OriginationPhase:Requirements', 'Priority:High', 'Status:Approved']"
264,RSP19SCM781,closed,2019-04-09,2019-04-02,113,"['Category:Enhancement', 'DetectionPhase:Design', 'OriginationPhase:Coding', 'Priority:High', 'Status:inProgress']"
265,RSP19SCM781,closed,2019-04-08,2019-04-02,112,"['Category:Bug', 'DetectionPhase:Coding', 'OriginationPhase:Coding', 'Priority:Low', 'Status:Rejected']"
266,TSP19SCM781,closed,2019-04-10,2019-04-02,111,"['Category:Bug', 'DetectionPhase:Design', 'OriginationPhase:Field', 'Priority:Low', 'Status:pendingReview']"
267,TSP19SCM781,closed,2019-04-07,2019-04-02,110,"['Category:Bug', 'DetectionPhase:Design', 'OriginationPhase:Requirements', 'Priority:Medium', 'Status:Approved']"
268,SSP19SCM781,closed,2019-04-05,2019-04-02,109,"['Category:Inquiry', 'DetectionPhase:Coding', 'OriginationPhase:Documentation', 'Priority:Major', 'Status:inProgress']"
269,SSP19SCM781,closed,2019-04-08,2019-04-02,108,"['Category:Bug', 'DetectionPhase:Design', 'OriginationPhase:Field', 'Priority:Major', 'Status:Rejected']"
270,DSP19SCM782,closed,2019-04-09,2019-04-02,107,"['Category:Inquiry', 'DetectionPhase:Coding', 'OriginationPhase:Coding', 'OriginationPhase:Testing', 'Status:Approved']"
271,DSP19SCM782,closed,2019-04-08,2019-04-02,106,"['Category:Inquiry', 'DetectionPhase:Coding', 'OriginationPhase:Documentation', 'Priority:Medium', 'Status:inProgress']"
272,DSP19SCM781,closed,2019-04-07,2019-04-02,105,"['Category:Enhancement', 'DetectionPhase:Design', 'OriginationPhase:Design', 'Priority:High', 'Status:pendingReview']"
273,DSP19SCM781,closed,2019-04-10,2019-04-02,103,"['Category:Enhancement', 'DetectionPhase:Design', 'OriginationPhase:Coding', 'Priority:Low', 'Status:Completed']"
274,PSP19SCM40J,closed,2019-04-02,2019-04-02,101,"['Address:McDonalds 2525 S King Dr Chicago 60616', 'Category:Bug', 'DetectionPhase:Design', 'OriginationPhase:Requirements', 'OritinationPhase:Design', 'Priority:High', 'Priority:Medium', 'Status:Approved', 'Status:inProgress', 'Status:pendingReview']"
275,HSP19SCM72L,closed,2019-04-02,2019-04-02,100,"['Address:600 N Clark St Chicago IL 60610', 'Category:Bug', 'DetectionPhase:Design', 'Latitude:41.892502', 'Longitude:-87.631279', 'OriginationPhase:Requirements', 'Priority:High', 'Status:Approved']"
276,VSP19SCM12C,closed,2019-04-02,2019-04-02,99,"['Address:3020 S Halsted St Chicago IL 60608', 'Category:Bug', 'DetectionPhase:Design', 'Latitude:41.879519', 'Longitude:-87.633531', 'OriginationPhase:Requirements', 'Priority:High', 'Status:Approved']"
277,JSP19SCM65Z,closed,2019-04-02,2019-04-02,98,"['Address:3020 S Halsted St Chicago IL 60608', 'Category:Bug', 'DetectionPhase:Design', 'Latitude:41.879519', 'Longitude:-87.646896', 'OriginationPhase:Requirements', 'Priority:High', 'Status:Approved']"
278,KSP19SCM90B,closed,2019-04-02,2019-04-02,95,"['Address:McDonalds 2525 S King Dr Chicago 60616', 'Category:Bug', 'DetectionPhase:Design', 'Latitude:41.847200', 'Longitude:-87.617190', 'OriginationPhase:Design', 'Priority:High', 'Status:inProgress']"
279,SSP19SCM98G,closed,2019-04-02,2019-04-02,94,"['Address:3020 S Halsted St Chicago IL 60608', 'Category:Bug', 'DetectionPhase:Design', 'Latitude:41.879519', 'Longitude:-87.646896', 'OriginationPhase:Design', 'Priority:High', 'Status:inProgress']"
280,XSP19SCM71C,closed,2019-04-02,2019-04-02,92,"['Address:3020 S Halsted St Chicago IL 60608', 'Category:Bug', 'DetectionPhase:Design', 'Latitude:41.879519', 'Longitude:-87.633531', 'Priority:Medium', 'Status:pendingReview']"
281,SSP19SCM52K,closed,2019-04-02,2019-04-02,87,"['Address:McDonalds 2525 S King Dr Chicago 60616', 'Category:Bug', 'DetectionPhase:Design', 'Latitude:41.847200', 'Longitude:-87.617190', 'OriginationPhase:Design', 'Priority:High', 'Status:inProgress']"
282,NSP19SCM30A,closed,2019-04-02,2019-04-02,82,"['Address:McDonalds 2525 S King Dr Chicago 60616', 'Category:Bug', 'DetectionPhase:Design', 'Latitude:41.847200', 'Longitude:-87.617190', 'OriginationPhase:Design', 'Priority:Medium', 'Status:inProgress']"
283,fashokkumar,closed,2019-04-02,2019-04-02,81,"['Address:McDonalds 2525 S King Dr Chicago 60616', 'Category:Bug', 'DetectionPhase:Design', 'Latitude:41.847200', 'Longitude:-87.617190', 'OriginationPhase:Design', 'Priority:Medium', 'Status:inProgress']"
284,SSP19SCM52K,closed,2019-04-02,2019-04-02,79,[]
285,fashokkumar,closed,2019-04-02,2019-04-02,77,[]
286,SSP19SCM52K,closed,2019-04-02,2019-04-02,76,[]
287,NSP19SCM30A,closed,2019-04-02,2019-04-02,75,[]
288,VSP19SCM70K,closed,2019-04-02,2019-04-02,74,"['Address:1200 S Milwaukee Ave Prospect Heights IL', 'Category:Bug', 'DetectionPhase:Design', 'Latitude:42.109120', 'Longitude:-87.890880', 'Priority:Medium', 'Status:Approved']"
289,ASP19SCM23W,closed,2019-04-02,2019-04-02,73,"['Address:119 N Wabash Ave Chicago IL 60602', 'Category:Bug', 'DetectionPhase:Design', 'Latitude:41.883678', 'Longitude:-87.625832', 'OriginationPhase:Requirements', 'Priority:Medium', 'Status:Approved']"
290,MSP19SCM18H,closed,2019-04-02,2019-04-02,71,"['Address:McDonalds 2525 S King Dr Chicago 60616', 'Category:Bug', 'DetectionPhase:Design', 'Latitude:41.847198', 'Longitude:-87.633531', 'OriginationPhase:Requirements', 'Priority:Medium', 'Status:pendingReview']"
291,JSP19SCM42J,closed,2019-04-02,2019-04-02,70,"['Address:105 N Union St Byron IL  61010', 'Category:Bug', 'DetectionPhase:Design', 'Latitude:42.125900', 'Longitude:-89.255610', 'OriginationPhase:Requirements', 'Priority:Medium', 'Status:Approved']"
292,JSP19SCM13R,closed,2019-04-02,2019-04-02,69,"['Address:McDonalds 2525 S King Dr Chicago 60616', 'Category:Bug', 'DetectionPhase:Design', 'Latitude:41.847198', 'Longitude:-87.633531', 'OriginationPhase:Requirements', 'Priority:High', 'Status:pendingReview']"
293,RSP19SCM782,closed,2019-04-07,2019-04-01,67,"['Category:Inquiry', 'DetectionPhase:Design', 'OriginationPhase:Requirements', 'Priority:Major', 'Status:inProgress']"
294,RSP19SCM782,closed,2019-04-08,2019-04-01,66,"['Category:Bug', 'DetectionPhase:Coding', 'OriginationPhase:Field', 'Priority:Medium', 'Status:Approved']"
295,JSP19SCM59D,closed,2019-04-01,2019-04-01,65,"['Address:3020 S Halsted St Chicago IL 60608', 'Category:Bug', 'DetectionPhase:Design', 'Latitude:41.879519', 'Longitude:-87.646896', 'OriginationPhase:Requirements', 'Priority:Medium', 'Status:inProgress']"
296,RSP19SCM781,closed,2019-04-08,2019-04-01,64,"['Category:Enhancement', 'DetectionPhase:Coding', 'OriginationPhase:Documentation', 'Priority:Medium', 'Status:inProgress']"
297,RSP19SCM781,closed,2019-04-02,2019-04-01,63,"['Category:Bug', 'DetectionPhase:Coding', 'OriginationPhase:Testing', 'Priority:Major', 'Status:Approved']"
298,TSP19SCM782,closed,2019-04-08,2019-04-01,62,"['Category:Inquiry', 'DetectionPhase:Coding', 'OritinationPhase:Design', 'Priority:Low', 'Status:Completed']"
299,TSP19SCM782,closed,2019-04-02,2019-04-01,61,"['Category:Enhancement', 'DetectionPhase:Coding', 'OriginationPhase:Requirements', 'Priority:High', 'Status:Rejected']"
300,SPM587SP19,closed,2019-04-07,2019-04-01,60,"['Category:Bug', 'DetectionPhase:Design', 'OriginationPhase:Testing', 'Priority:Medium', 'Status:Rejected']"
301,TSP19SCM781,closed,2019-04-02,2019-04-01,59,"['Category:Inquiry', 'DetectionPhase:Coding', 'OriginationPhase:Field', 'Priority:Major', 'Status:pendingReview']"
302,SPM587SP19,closed,2019-04-03,2019-04-01,58,"['Category:Inquiry', 'DetectionPhase:Design', 'OriginationPhase:Requirements', 'Priority:Low', 'Status:inProgress']"
303,SPM587SP19,closed,2019-04-02,2019-04-01,57,"['Category:Bug', 'DetectionPhase:Coding', 'OriginationPhase:Coding', 'Priority:Low', 'Status:Approved']"
304,ASP19SCM00V,closed,2019-04-01,2019-04-01,56,[]
305,TSP19SCM781,closed,2019-04-01,2019-03-31,55,"['Category:Inquiry', 'DetectionPhase:Design', 'OriginationPhase:Coding', 'Priority:Low', 'Status:inProgress']"
306,SPM587SP19,closed,2019-04-01,2019-03-31,54,"['Category:Enhancement', 'DetectionPhase:Design', 'OriginationPhase:Field', 'Priority:Medium', 'Status:pendingReview']"
307,SPM587SP19,closed,2019-04-03,2019-03-31,53,"['Category:Inquiry', 'DetectionPhase:Coding', 'OritinationPhase:Design', 'Priority:High', 'Status:pendingReview']"
308,SPM587SP19,closed,2019-04-01,2019-03-31,52,"['Category:Bug', 'DetectionPhase:Design', 'OriginationPhase:Requirements', 'Priority:Major', 'Status:Completed']"
309,SPM587SP19,closed,2019-04-01,2019-03-31,51,"['Category:Bug', 'DetectionPhase:Design', 'OriginationPhase:Requirements', 'Priority:Medium', 'Status:Completed']"
310,SPM587SP19,closed,2019-04-02,2019-03-31,50,"['Category:Enhancement', 'DetectionPhase:Coding', 'OriginationPhase:Field', 'Priority:High', 'Status:Approved']"
311,SPM587SP19,closed,2019-04-01,2019-03-31,49,"['Category:Bug', 'DetectionPhase:Design', 'OriginationPhase:Testing', 'Priority:Low', 'Status:inProgress']"
312,SPM587SP19,closed,2019-04-01,2019-03-31,48,"['Category:Bug', 'DetectionPhase:Coding', 'OriginationPhase:Coding', 'Priority:Low', 'Status:inProgress']"
313,SPM587SP19,closed,2019-04-05,2019-03-31,47,"['Category:Inquiry', 'DetectionPhase:Design', 'OriginationPhase:Testing', 'Priority:Medium', 'Status:Rejected']"
314,SPM587SP19,closed,2019-04-03,2019-03-31,46,"['Category:Enhancement', 'DetectionPhase:Coding', 'OriginationPhase:Requirements', 'Priority:Major', 'Status:Rejected']"
315,SPM587SP19,closed,2019-04-01,2019-03-31,45,"['Category:Inquiry', 'DetectionPhase:Coding', 'OritinationPhase:Design', 'Priority:Major', 'Status:Completed']"
316,SPM587SP19,closed,2019-04-01,2019-03-31,44,"['Category:Bug', 'DetectionPhase:Coding', 'OriginationPhase:Testing', 'Priority:Major', 'Status:inProgress']"
317,SPM587SP19,closed,2019-04-01,2019-03-31,43,"['Category:Bug', 'DetectionPhase:Field', 'OriginationPhase:Documentation', 'Priority:High', 'Status:Approved']"
318,SPM587SP19,closed,2019-04-01,2019-03-31,42,"['Category:Enhancement', 'DetectionPhase:Coding', 'OriginationPhase:Testing', 'Priority:Medium', 'Status:Completed']"
319,SPM587SP19,closed,2019-04-07,2019-03-31,41,"['Category:Bug', 'DetectionPhase:Coding', 'OriginationPhase:Documentation', 'Priority:Major', 'Status:pendingReview']"
320,SPM587SP19,closed,2019-04-03,2019-03-31,40,"['Category:Inquiry', 'DetectionPhase:Design', 'OriginationPhase:Field', 'Priority:Low', 'Status:Completed']"
321,SPM587SP19,closed,2019-04-03,2019-03-31,39,"['Category:Inquiry', 'DetectionPhase:Design', 'OriginationPhase:Documentation', 'Priority:High', 'Status:Rejected']"
322,SPM587SP19,closed,2019-04-03,2019-03-31,38,"['Category:Enhancement', 'DetectionPhase:Design', 'OritinationPhase:Design', 'Priority:High', 'Status:inProgress']"
323,SPM587SP19,closed,2019-04-03,2019-03-31,37,"['Category:Inquiry', 'DetectionPhase:Design', 'OriginationPhase:Documentation', 'Priority:Low', 'Status:inProgress']"
324,SPM587SP19,closed,2019-04-02,2019-03-31,36,"['Category:Bug', 'DetectionPhase:Coding', 'OriginationPhase:Coding', 'Priority:Major', 'Status:Rejected']"
325,SPM587SP19,closed,2019-04-03,2019-03-31,35,"['Category:Enhancement', 'DetectionPhase:Design', 'OriginationPhase:Requirements', 'Priority:Medium', 'Status:pendingReview']"
326,SPM587SP19,closed,2019-04-02,2019-03-31,34,"['Category:Enhancement', 'DetectionPhase:Coding', 'OritinationPhase:Design', 'Priority:Low', 'Status:Approved']"
327,SPM587SP19,closed,2019-04-05,2019-03-31,33,"['Category:Bug', 'DetectionPhase:Coding', 'OriginationPhase:Requirements', 'Priority:Major', 'Status:Rejected']"
328,SPM587SP19,closed,2019-04-02,2019-03-31,32,"['Category:Inquiry', 'DetectionPhase:Field', 'OriginationPhase:Coding', 'Priority:Medium', 'Status:Rejected']"
329,SPM587SP19,closed,2019-04-03,2019-03-31,31,"['Category:Bug', 'DetectionPhase:Design', 'OriginationPhase:Requirements', 'Priority:Major', 'Status:pendingReview']"
330,SPM587SP19,closed,2019-04-02,2019-03-31,30,"['Category:Inquiry', 'DetectionPhase:Coding', 'OritinationPhase:Design', 'Priority:High', 'Status:inProgress']"
331,SPM587SP19,closed,2019-04-07,2019-03-31,29,"['Category:Bug', 'DetectionPhase:Design', 'OriginationPhase:Documentation', 'Priority:Medium', 'Status:Completed']"
332,SPM587SP19,closed,2019-04-02,2019-03-31,28,"['Category:Enhancement', 'DetectionPhase:Design', 'OriginationPhase:Requirements', 'Priority:Major', 'Status:pendingReview']"
333,SPM587SP19,closed,2019-04-03,2019-03-31,27,"['Category:Inquiry', 'DetectionPhase:Design', 'OritinationPhase:Design', 'Priority:Medium', 'Status:Rejected']"
334,SPM587SP19,closed,2019-03-31,2019-03-31,26,"['Category:Enhancement', 'DetectionPhase:Coding', 'OriginationPhase:Coding', 'Priority:Major', 'Status:Approved']"
335,SPM587SP19,closed,2019-03-31,2019-03-31,25,"['Category:Inquiry', 'DetectionPhase:Design', 'OriginationPhase:Coding', 'Priority:Low', 'Status:Completed']"
336,SPM587SP19,closed,2019-03-31,2019-03-31,24,"['Category:Enhancement', 'DetectionPhase:Coding', 'OriginationPhase:Documentation', 'Priority:Low', 'Status:inProgress']"
337,SPM587SP19,closed,2019-03-31,2019-03-31,23,"['Category:Bug', 'DetectionPhase:Design', 'OriginationPhase:Field', 'Priority:High', 'Status:Rejected']"
338,SPM587SP19,closed,2019-03-31,2019-03-31,22,"['Category:Inquiry', 'DetectionPhase:Coding', 'OriginationPhase:Requirements', 'Priority:Major', 'Status:pendingReview']"
339,SPM587SP19,closed,2019-03-31,2019-03-31,21,"['Category:Bug', 'DetectionPhase:Design', 'OriginationPhase:Testing', 'Priority:Low', 'Status:Completed']"
340,SPM587SP19,closed,2019-03-31,2019-03-31,20,"['Category:Bug', 'DetectionPhase:Coding', 'OritinationPhase:Design', 'Priority:Major', 'Status:inProgress']"
341,SPM587SP19,closed,2019-03-31,2019-03-31,19,"['Category:Enhancement', 'DetectionPhase:Design', 'OritinationPhase:Design', 'Priority:Low', 'Status:Approved']"
342,SPM587SP19,closed,2019-03-31,2019-03-31,18,"['Category:Inquiry', 'DetectionPhase:Coding', 'OriginationPhase:Testing', 'Priority:Medium', 'Status:Rejected']"
343,SPM587SP19,closed,2019-03-31,2019-03-31,17,"['Category:Bug', 'DetectionPhase:Field', 'OriginationPhase:Requirements', 'Priority:Medium', 'Status:pendingReview']"
344,SPM587SP19,closed,2019-03-31,2019-03-31,16,"['Category:Inquiry', 'DetectionPhase:Design', 'OriginationPhase:Field', 'Priority:Major', 'Status:Completed']"
345,SPM587SP19,closed,2019-03-31,2019-03-31,15,"['Category:Enhancement', 'DetectionPhase:Coding', 'OriginationPhase:Documentation', 'Priority:Low', 'Status:inProgress']"
346,SPM587SP19,closed,2019-03-31,2019-03-31,14,"['Category:Inquiry', 'DetectionPhase:Design', 'OriginationPhase:Coding', 'Priority:High', 'Status:Approved']"
347,SPM587SP19,closed,2019-03-31,2019-03-30,13,"['Category:Enhancement', 'DetectionPhase:Design', 'OritinationPhase:Design', 'Priority:Major', 'Status:inProgress']"
348,SPM587SP19,closed,2019-03-31,2019-03-30,12,"['Category:Enhancement', 'DetectionPhase:Coding', 'OriginationPhase:Testing', 'Priority:Low', 'Status:Rejected']"
349,SPM587SP19,closed,2019-03-31,2019-03-30,11,"['Category:Enhancement', 'DetectionPhase:Design', 'OriginationPhase:Requirements', 'Priority:High', 'Status:inProgress']"
350,SPM587SP19,closed,2019-03-31,2019-03-30,10,"['Category:Bug', 'DetectionPhase:Coding', 'OriginationPhase:Field', 'Priority:Major', 'Status:Completed']"
351,SPM587SP19,closed,2019-03-31,2019-03-30,9,"['Category:Enhancement', 'DetectionPhase:Design', 'OriginationPhase:Documentation', 'Priority:Major', 'Status:Rejected']"
352,SPM587SP19,closed,2019-03-31,2019-03-30,8,"['Category:Bug', 'DetectionPhase:Coding', 'OriginationPhase:Coding', 'Priority:High', 'Status:inProgress']"
353,SPM587SP19,closed,2019-03-31,2019-03-30,7,"['Category:Inquiry', 'DetectionPhase:Design', 'OriginationPhase:Coding', 'Priority:Low', 'Status:Approved']"
354,SPM587SP19,closed,2019-03-31,2019-03-30,6,"['Category:Inquiry', 'DetectionPhase:Field', 'OriginationPhase:Coding', 'Priority:Low', 'Status:Approved']"
355,SPM587SP19,closed,2019-03-31,2019-03-30,5,"['Category:Inquiry', 'DetectionPhase:Field', 'OriginationPhase:Coding', 'Priority:Low', 'Status:pendingReview']"
356,SPM587SP19,closed,2019-03-31,2019-03-29,4,"['Category:Inquiry', 'DetectionPhase:Field', 'OriginationPhase:Coding', 'Priority:Medium', 'Status:pendingReview']"
357,SPM587SP19,closed,2019-03-31,2019-03-29,3,"['Category:Inquiry', 'DetectionPhase:Field', 'OriginationPhase:Coding', 'Priority:Medium', 'Status:pendingReview']"
358,SPM587SP19,closed,2019-03-31,2019-03-24,1,"['Category:Inquiry', 'DetectionPhase:Field', 'OriginationPhase:Coding', 'Priority:Medium', 'Status:pendingReview']"
